,page_number,character,position
0,1,Hal,"(4172, 4175)"
1,1,Hal,"(4779, 4782)"
2,1,Hal,"(5242, 5245)"
3,1,Hal,"(5941, 5944)"
4,1,Hal,"(6174, 6177)"
5,1,Incandenza,"(2268, 2278)"
6,2,Hal,"(679, 682)"
7,2,Hal,"(726, 729)"
8,2,Hal,"(805, 808)"
9,2,Hal,"(2891, 2894)"
10,2,Hal,"(5512, 5515)"
11,2,Hal,"(6163, 6166)"
12,2,Hal,"(6430, 6433)"
13,3,Hal,"(475, 478)"
14,3,Hal,"(1276, 1279)"
15,3,Hal,"(6751, 6754)"
16,3,Incandenza,"(6739, 6749)"
17,4,Orin,"(824, 828)"
18,4,Orin,"(1987, 1991)"
19,4,Orin,"(4560, 4564)"
20,5,Hal,"(4644, 4647)"
21,6,Hal,"(1347, 1350)"
22,6,Hal,"(1850, 1853)"
23,6,Hal,"(1855, 1858)"
24,6,Hal,"(1994, 1997)"
25,6,Hal,"(2109, 2112)"
26,6,Orin,"(2496, 2500)"
27,6,Himself,"(6114, 6121)"
28,10,Hal,"(6883, 6886)"
29,11,Hal,"(34, 37)"
30,11,Hal,"(554, 557)"
31,11,Hal,"(1896, 1899)"
32,11,Hal,"(5297, 5300)"
33,11,Himself,"(2314, 2321)"
34,11,Himself,"(3039, 3046)"
35,11,Himself,"(3152, 3159)"
36,11,Himself,"(3184, 3191)"
37,11,Himself,"(3214, 3221)"
38,11,Himself,"(3542, 3549)"
39,12,Mario,"(5640, 5645)"
40,12,Mario,"(5691, 5696)"
41,12,Mario,"(5942, 5947)"
42,12,Hal,"(5521, 5524)"
43,12,Hal,"(5769, 5772)"
44,12,Himself,"(3211, 3218)"
45,12,Mondragon,"(3658, 3667)"
46,12,Luria P.,"(326, 334)"
47,13,Mario,"(445, 450)"
48,13,Mario,"(880, 885)"
49,13,Mario,"(930, 935)"
50,13,Hal,"(26, 29)"
51,13,Hal,"(278, 281)"
52,13,Hal,"(509, 512)"
53,13,Hal,"(640, 643)"
54,13,Hal,"(708, 711)"
55,13,Hal,"(874, 877)"
56,13,Hal,"(1075, 1078)"
57,13,Orin,"(628, 632)"
58,15,Mario,"(6172, 6177)"
59,15,Booboo,"(6201, 6207)"
60,15,Hal,"(6139, 6142)"
61,15,Hal,"(6160, 6163)"
62,16,Mario,"(141, 146)"
63,16,Mario,"(950, 955)"
64,16,Mario,"(1724, 1729)"
65,16,Mario,"(2067, 2072)"
66,16,Booboo,"(391, 397)"
67,16,Booboo,"(1499, 1505)"
68,16,Booboo,"(3637, 3643)"
69,16,Hal,"(103, 106)"
70,16,Hal,"(122, 125)"
71,16,Hal,"(1905, 1908)"
72,16,Hal,"(1924, 1927)"
73,16,Hal,"(2329, 2332)"
74,16,Hal,"(2416, 2419)"
75,16,Hal,"(2650, 2653)"
76,16,Hal,"(3210, 3213)"
77,16,Hal,"(3733, 3736)"
78,16,Himself,"(1371, 1378)"
79,16,Himself,"(2459, 2466)"
80,16,Himself,"(2700, 2707)"
81,16,Himself,"(3438, 3445)"
82,17,Mario,"(548, 553)"
83,17,Booboo,"(118, 124)"
84,17,Booboo,"(170, 176)"
85,17,Hal,"(99, 102)"
86,17,Hal,"(558, 561)"
87,17,Hal,"(1030, 1033)"
88,17,Orin,"(756, 760)"
89,17,Orin,"(1055, 1059)"
90,17,Orin,"(1283, 1287)"
91,17,Orin,"(1700, 1704)"
92,17,Orin,"(2676, 2680)"
93,17,Orin,"(3424, 3428)"
94,17,Orin,"(3735, 3739)"
95,17,Orin,"(4619, 4623)"
96,17,Orin,"(4878, 4882)"
97,17,Orin,"(5910, 5914)"
98,17,Orin,"(6244, 6248)"
99,17,Orin,"(6550, 6554)"
100,17,Orin,"(7222, 7226)"
101,17,Incandenza,"(761, 771)"
102,17,Incandenza,"(1034, 1044)"
103,17,Incandenza,"(6555, 6565)"
104,18,Orin,"(435, 439)"
105,18,Orin,"(798, 802)"
106,18,Orin,"(1580, 1584)"
107,18,Orin,"(1661, 1665)"
108,18,Orin,"(2743, 2747)"
109,18,Orin,"(2968, 2972)"
110,18,Orin,"(3011, 3015)"
111,18,Orin,"(4205, 4209)"
112,18,Orin,"(4794, 4798)"
113,18,Orin,"(4957, 4961)"
114,18,Orin,"(5442, 5446)"
115,18,Orin,"(5803, 5807)"
116,18,Orin,"(6023, 6027)"
117,18,Orin,"(6103, 6107)"
118,18,Orin,"(6282, 6286)"
119,18,Himself,"(1217, 1224)"
120,18,Himself,"(4720, 4727)"
121,18,Avril,"(5530, 5535)"
122,18,Incandenza,"(5543, 5553)"
123,19,Mario,"(7130, 7135)"
124,19,Hal,"(179, 182)"
125,19,Hal,"(4446, 4449)"
126,19,Hal,"(4698, 4701)"
127,19,Hal,"(5006, 5009)"
128,19,Hal,"(5085, 5088)"
129,19,Hal,"(5563, 5566)"
130,19,Hal,"(6727, 6730)"
131,19,Hal,"(6935, 6938)"
132,19,Hal,"(7116, 7119)"
133,19,Hallie,"(4446, 4452)"
134,19,Orin,"(1584, 1588)"
135,19,Orin,"(1701, 1705)"
136,19,Orin,"(4504, 4508)"
137,19,Incandenza,"(4702, 4712)"
138,20,Mario,"(3651, 3656)"
139,20,Hal,"(86, 89)"
140,20,Hal,"(310, 313)"
141,20,Hal,"(438, 441)"
142,20,Hal,"(508, 511)"
143,20,Hal,"(631, 634)"
144,20,Hal,"(929, 932)"
145,20,Hal,"(1075, 1078)"
146,20,Hal,"(1923, 1926)"
147,20,Hal,"(2250, 2253)"
148,20,Hal,"(2646, 2649)"
149,20,Hal,"(3091, 3094)"
150,20,Hal,"(3170, 3173)"
151,20,Hal,"(3637, 3640)"
152,20,Hal,"(7470, 7473)"
153,20,Orin,"(332, 336)"
154,20,Avril,"(527, 532)"
155,20,Avril,"(881, 886)"
156,20,Avril,"(1470, 1475)"
157,20,Avril,"(2135, 2140)"
158,20,Avril,"(2923, 2928)"
159,20,Avril,"(3056, 3061)"
160,20,Avril,"(3340, 3345)"
161,20,Incandenza,"(533, 543)"
162,20,Incandenza,"(887, 897)"
163,20,Incandenza,"(4675, 4685)"
164,21,Mario,"(6416, 6421)"
165,21,Hal,"(107, 110)"
166,21,Hal,"(373, 376)"
167,21,Hal,"(1959, 1962)"
168,21,Hal,"(4334, 4337)"
169,21,Hal,"(4993, 4996)"
170,21,Hal,"(5266, 5269)"
171,21,Hal,"(5327, 5330)"
172,21,Incandenza,"(1963, 1973)"
173,21,Incandenza,"(3019, 3029)"
174,21,Incandenza,"(6422, 6432)"
175,22,Hal,"(3409, 3412)"
176,22,Hal,"(6469, 6472)"
177,24,Orin,"(7585, 7589)"
178,24,James Orin,"(7579, 7589)"
179,24,Incandenza,"(7485, 7495)"
180,24,Incandenza,"(7590, 7600)"
181,24,Incandenza,"(7734, 7744)"
182,25,Orin,"(3656, 3660)"
183,25,Orin,"(5764, 5768)"
184,25,Orin,"(6498, 6502)"
185,25,Orin,"(6776, 6780)"
186,25,Orin,"(7051, 7055)"
187,25,Orin,"(7321, 7325)"
188,25,Avril,"(2929, 2934)"
189,25,Mondragon,"(2935, 2944)"
190,25,Mondragon,"(3359, 3368)"
191,25,Incandenza,"(648, 658)"
192,25,Incandenza,"(2701, 2711)"
193,25,Incandenza,"(3087, 3097)"
194,25,Incandenza,"(3629, 3639)"
195,25,Incandenza,"(4587, 4597)"
196,25,Incandenza,"(4895, 4905)"
197,25,Incandenza,"(5312, 5322)"
198,26,Orin,"(47, 51)"
199,26,Orin,"(962, 966)"
200,27,Hal,"(333, 336)"
201,31,Mario,"(3782, 3787)"
202,31,Mario,"(4029, 4034)"
203,31,Mario,"(4474, 4479)"
204,31,Mario,"(4728, 4733)"
205,31,Mario,"(4799, 4804)"
206,31,Mario,"(5063, 5068)"
207,31,Mario,"(5090, 5095)"
208,31,Mario,"(6275, 6280)"
209,31,Incandenza,"(2095, 2105)"
210,31,Incandenza,"(2227, 2237)"
211,31,Incandenza,"(3788, 3798)"
212,32,Mario,"(907, 912)"
213,32,Mario,"(1304, 1309)"
214,32,Mario,"(4706, 4711)"
215,32,Mario,"(4917, 4922)"
216,32,Mario,"(5552, 5557)"
217,32,Mario,"(6122, 6127)"
218,32,Incandenza,"(927, 937)"
219,32,Incandenza,"(1024, 1034)"
220,32,Incandenza,"(1118, 1128)"
221,32,Incandenza,"(1746, 1756)"
222,32,Incandenza,"(2333, 2343)"
223,32,Incandenza,"(2901, 2911)"
224,32,Incandenza,"(3303, 3313)"
225,32,Incandenza,"(4087, 4097)"
226,32,Incandenza,"(5558, 5568)"
227,33,Mario,"(112, 117)"
228,33,Mario,"(281, 286)"
229,33,Mario,"(584, 589)"
230,33,Mario,"(790, 795)"
231,33,Mario,"(930, 935)"
232,33,Mario,"(1675, 1680)"
233,33,Mario,"(2693, 2698)"
234,33,Mario,"(3077, 3082)"
235,33,Mario,"(3378, 3383)"
236,33,Mario,"(3641, 3646)"
237,33,Mario,"(3693, 3698)"
238,33,Mario,"(3971, 3976)"
239,33,Mario,"(4285, 4290)"
240,33,Mario,"(4826, 4831)"
241,33,Hal,"(314, 317)"
242,36,Luria P.,"(4086, 4094)"
243,37,Hal,"(4891, 4894)"
244,37,Hal,"(5382, 5385)"
245,37,Hal,"(6012, 6015)"
246,37,Hal,"(6022, 6025)"
247,38,Hal,"(2029, 2032)"
248,38,Hal,"(2126, 2129)"
249,38,Hal,"(2138, 2141)"
250,38,Hal,"(2151, 2154)"
251,38,Hal,"(2164, 2167)"
252,38,Hal,"(2389, 2392)"
253,38,Hal,"(2746, 2749)"
254,38,Hal,"(2954, 2957)"
255,38,Hal,"(5059, 5062)"
256,38,Hal,"(5493, 5496)"
257,38,Hal,"(5593, 5596)"
258,39,Hal,"(148, 151)"
259,39,Hal,"(1982, 1985)"
260,39,Hal,"(3809, 3812)"
261,39,Hal,"(6244, 6247)"
262,39,Hal,"(6565, 6568)"
263,39,Hal,"(6929, 6932)"
264,39,Hal,"(7115, 7118)"
265,40,Mario,"(1399, 1404)"
266,40,Hal,"(362, 365)"
267,40,Hal,"(653, 656)"
268,40,Hal,"(926, 929)"
269,40,Hal,"(1046, 1049)"
270,40,Hal,"(1373, 1376)"
271,40,Hal,"(1532, 1535)"
272,40,Hal,"(2541, 2544)"
273,40,Hal,"(4897, 4900)"
274,40,Orin,"(1067, 1071)"
275,40,Orin,"(1215, 1219)"
276,40,Himself,"(604, 611)"
277,40,Incandenza,"(386, 396)"
278,41,Hal,"(1357, 1360)"
279,41,Hal,"(1800, 1803)"
280,41,Hal,"(2049, 2052)"
281,41,Hal,"(2257, 2260)"
282,41,Hal,"(2341, 2344)"
283,41,Hal,"(3378, 3381)"
284,41,Hal,"(3515, 3518)"
285,41,Hal,"(3523, 3526)"
286,41,Hal,"(4229, 4232)"
287,41,Hal,"(4330, 4333)"
288,43,Hal,"(2854, 2857)"
289,43,Hal,"(4854, 4857)"
290,43,Hal,"(7445, 7448)"
291,43,Orin,"(7359, 7363)"
292,44,Hal,"(177, 180)"
293,44,Hal,"(989, 992)"
294,44,Hal,"(2130, 2133)"
295,44,Hal,"(2516, 2519)"
296,44,Hal,"(2722, 2725)"
297,44,Hal,"(4543, 4546)"
298,44,Hal,"(4829, 4832)"
299,44,Hal,"(5741, 5744)"
300,44,Hal,"(6020, 6023)"
301,45,Hal,"(738, 741)"
302,45,Hal,"(1086, 1089)"
303,45,Hal,"(1473, 1476)"
304,45,Hal,"(2952, 2955)"
305,45,Hal,"(3166, 3169)"
306,45,Hal,"(3227, 3230)"
307,45,Hal,"(3522, 3525)"
308,45,Hal,"(3534, 3537)"
309,45,Hal,"(3634, 3637)"
310,45,Hal,"(3819, 3822)"
311,45,Hal,"(4162, 4165)"
312,48,Mario,"(1785, 1790)"
313,48,Mario,"(2513, 2518)"
314,48,Mario,"(2669, 2674)"
315,48,Mario,"(2764, 2769)"
316,48,Mario,"(3148, 3153)"
317,48,Mario,"(3827, 3832)"
318,48,Mario,"(5286, 5291)"
319,48,Mario,"(5505, 5510)"
320,48,Mario,"(6893, 6898)"
321,48,Hal,"(1937, 1940)"
322,48,Hal,"(2497, 2500)"
323,48,Hal,"(2646, 2649)"
324,48,Hal,"(2693, 2696)"
325,48,Hal,"(2859, 2862)"
326,48,Incandenza,"(6373, 6383)"
327,49,Mario,"(26, 31)"
328,49,Mario,"(370, 375)"
329,49,Mario,"(667, 672)"
330,49,Mario,"(820, 825)"
331,49,Mario,"(1215, 1220)"
332,49,Mario,"(1368, 1373)"
333,49,Mario,"(1505, 1510)"
334,49,Mario,"(1708, 1713)"
335,49,Mario,"(3721, 3726)"
336,49,Mario,"(3882, 3887)"
337,49,Mario,"(5420, 5425)"
338,49,Mario,"(5943, 5948)"
339,49,Mario,"(6018, 6023)"
340,49,Mario,"(6871, 6876)"
341,49,Mario,"(7023, 7028)"
342,49,Hal,"(1598, 1601)"
343,49,Hal,"(1609, 1612)"
344,50,Mario,"(922, 927)"
345,50,Mario,"(1014, 1019)"
346,50,Mario,"(1200, 1205)"
347,50,Mario,"(1414, 1419)"
348,50,Mario,"(1617, 1622)"
349,50,Mario,"(1699, 1704)"
350,50,Mario,"(1880, 1885)"
351,50,Mario,"(2134, 2139)"
352,50,Mario,"(2225, 2230)"
353,50,Mario,"(2339, 2344)"
354,50,Mario,"(3027, 3032)"
355,50,Hal,"(2089, 2092)"
356,50,Hal,"(2867, 2870)"
357,51,Incandenza,"(1583, 1593)"
358,54,Hal,"(336, 339)"
359,54,Hal,"(884, 887)"
360,54,Hal,"(894, 897)"
361,54,Hal,"(1266, 1269)"
362,54,Hal,"(2235, 2238)"
363,54,Hal,"(2481, 2484)"
364,54,Hal,"(3010, 3013)"
365,54,Hal,"(4161, 4164)"
366,54,Hal,"(4269, 4272)"
367,54,Hal,"(4362, 4365)"
368,54,Hallie,"(884, 890)"
369,54,Hallie,"(3010, 3016)"
370,54,Hallie,"(4161, 4167)"
371,54,Orin,"(475, 479)"
372,54,Orin,"(687, 691)"
373,54,Orin,"(1305, 1309)"
374,54,Orin,"(1329, 1333)"
375,54,Orin,"(1430, 1434)"
376,54,Orin,"(2290, 2294)"
377,54,Orin,"(2358, 2362)"
378,60,Mario,"(5703, 5708)"
379,60,Mario,"(6039, 6044)"
380,60,Mario,"(6134, 6139)"
381,60,Mario,"(6375, 6380)"
382,60,Hal,"(6670, 6673)"
383,60,Incandenza,"(6381, 6391)"
384,61,Mario,"(517, 522)"
385,61,Mario,"(1683, 1688)"
386,61,Mario,"(1990, 1995)"
387,61,Mario,"(2042, 2047)"
388,61,Mario,"(3869, 3874)"
389,61,Mario,"(5248, 5253)"
390,61,Mario,"(5442, 5447)"
391,61,Mario,"(5635, 5640)"
392,61,Mario,"(5703, 5708)"
393,61,Mario,"(6124, 6129)"
394,61,Mario,"(6202, 6207)"
395,61,Mario,"(7900, 7905)"
396,61,Mario,"(8023, 8028)"
397,61,Hal,"(497, 500)"
398,61,Hal,"(585, 588)"
399,61,Hal,"(4367, 4370)"
400,61,Hal,"(6224, 6227)"
401,61,Hal,"(6323, 6326)"
402,61,Hal,"(6640, 6643)"
403,61,Hal,"(7301, 7304)"
404,61,Hal,"(7558, 7561)"
405,61,Hal,"(7763, 7766)"
406,61,Hal,"(7808, 7811)"
407,61,Himself,"(1250, 1257)"
408,61,Avril,"(5608, 5613)"
409,61,Avril,"(6408, 6413)"
410,61,Incandenza,"(3875, 3885)"
411,61,Incandenza,"(4371, 4381)"
412,61,Incandenza,"(4920, 4930)"
413,61,Incandenza,"(6327, 6337)"
414,61,Incandenza,"(6644, 6654)"
415,61,Incandenza,"(7935, 7945)"
416,62,Mario,"(6, 11)"
417,62,Mario,"(272, 277)"
418,62,Mario,"(381, 386)"
419,62,Hal,"(17, 20)"
420,62,Orin,"(0, 4)"
421,62,Incandenza,"(387, 397)"
422,65,Himself,"(4347, 4354)"
423,65,Incandenza,"(6929, 6939)"
424,65,J.O.I.,"(1373, 1379)"
425,65,J.O.I.,"(4316, 4322)"
426,67,Madame Psychosis,"(5192, 5208)"
427,67,Madame,"(5192, 5198)"
428,67,Mario,"(1992, 1997)"
429,67,Mario,"(5363, 5368)"
430,67,Mario,"(6745, 6750)"
431,67,Hal,"(6453, 6456)"
432,67,Hal,"(6680, 6683)"
433,67,Hal,"(7320, 7323)"
434,67,Hal,"(7573, 7576)"
435,67,Incandenza,"(1998, 2008)"
436,67,Incandenza,"(5369, 5379)"
437,67,Incandenza,"(7578, 7588)"
438,68,Himself,"(1791, 1798)"
439,68,Himself,"(4581, 4588)"
440,69,Himself,"(752, 759)"
441,69,Himself,"(3613, 3620)"
442,71,Madame Psychosis,"(6383, 6399)"
443,71,Madame,"(6383, 6389)"
444,72,Madame Psychosis,"(650, 666)"
445,72,Madame Psychosis,"(2291, 2307)"
446,72,Madame Psychosis,"(2990, 3006)"
447,72,Madame Psychosis,"(3124, 3140)"
448,72,Madame Psychosis,"(4395, 4411)"
449,72,Madame Psychosis,"(4474, 4490)"
450,72,Madame Psychosis,"(4870, 4886)"
451,72,Madame Psychosis,"(6357, 6373)"
452,72,Madame Psychosis,"(7276, 7292)"
453,72,Madame,"(650, 656)"
454,72,Madame,"(2291, 2297)"
455,72,Madame,"(2990, 2996)"
456,72,Madame,"(3124, 3130)"
457,72,Madame,"(4395, 4401)"
458,72,Madame,"(4474, 4480)"
459,72,Madame,"(4870, 4876)"
460,72,Madame,"(5601, 5607)"
461,72,Madame,"(6357, 6363)"
462,72,Madame,"(7276, 7282)"
463,72,Incandenza,"(5931, 5941)"
464,73,Madame Psychosis,"(1019, 1035)"
465,73,Madame Psychosis,"(2112, 2128)"
466,73,Madame Psychosis,"(4028, 4044)"
467,73,Madame Psychosis,"(4733, 4749)"
468,73,Madame,"(1019, 1025)"
469,73,Madame,"(2112, 2118)"
470,73,Madame,"(3354, 3360)"
471,73,Madame,"(4028, 4034)"
472,73,Madame,"(4733, 4739)"
473,73,Madame,"(8049, 8055)"
474,74,Madame Psychosis,"(914, 930)"
475,74,Madame Psychosis,"(1863, 1879)"
476,74,Madame,"(914, 920)"
477,74,Madame,"(1686, 1692)"
478,74,Madame,"(1863, 1869)"
479,74,Madame,"(7922, 7928)"
480,74,Mario,"(5062, 5067)"
481,74,Mario,"(6193, 6198)"
482,74,Mario,"(6638, 6643)"
483,74,Mario,"(7264, 7269)"
484,74,Hal,"(5967, 5970)"
485,74,Hal,"(7227, 7230)"
486,74,Avril,"(2033, 2038)"
487,74,Avril,"(2327, 2332)"
488,74,Avril,"(3017, 3022)"
489,74,Avril,"(3234, 3239)"
490,74,Avril,"(4960, 4965)"
491,74,Avril,"(6011, 6016)"
492,74,Avril,"(6165, 6170)"
493,74,Avril,"(6612, 6617)"
494,74,Incandenza,"(2058, 2068)"
495,74,Incandenza,"(2949, 2959)"
496,74,Incandenza,"(4266, 4276)"
497,74,Incandenza,"(5068, 5078)"
498,75,Madame Psychosis,"(3180, 3196)"
499,75,Madame Psychosis,"(3347, 3363)"
500,75,Madame Psychosis,"(5614, 5630)"
501,75,Madame,"(3180, 3186)"
502,75,Madame,"(3347, 3353)"
503,75,Madame,"(3577, 3583)"
504,75,Madame,"(3847, 3853)"
505,75,Madame,"(4711, 4717)"
506,75,Madame,"(5614, 5620)"
507,75,Mario,"(439, 444)"
508,75,Mario,"(2497, 2502)"
509,75,Mario,"(2651, 2656)"
510,75,Mario,"(2923, 2928)"
511,75,Mario,"(3071, 3076)"
512,75,Mario,"(3133, 3138)"
513,75,Mario,"(3290, 3295)"
514,75,Mario,"(3621, 3626)"
515,75,Mario,"(4630, 4635)"
516,75,Mario,"(5092, 5097)"
517,75,Mario,"(5451, 5456)"
518,75,Mario,"(5673, 5678)"
519,75,Mario,"(6169, 6174)"
520,75,Mario,"(7733, 7738)"
521,75,Hal,"(2745, 2748)"
522,75,Hal,"(2778, 2781)"
523,75,Hal,"(2915, 2918)"
524,75,Hal,"(2974, 2977)"
525,75,Hal,"(3722, 3725)"
526,75,Hal,"(5461, 5464)"
527,75,Hal,"(5850, 5853)"
528,75,Hal,"(6161, 6164)"
529,75,Hal,"(7022, 7025)"
530,75,Hal,"(7559, 7562)"
531,75,Orin,"(5441, 5445)"
532,75,Avril,"(5186, 5191)"
533,75,Avril,"(5689, 5694)"
534,75,Avril,"(6231, 6236)"
535,75,Avril,"(6353, 6358)"
536,75,Avril,"(6486, 6491)"
537,75,Avril,"(6769, 6774)"
538,75,Avril,"(6912, 6917)"
539,75,Avril,"(7426, 7431)"
540,75,Avril,"(7600, 7605)"
541,75,Avril,"(7698, 7703)"
542,75,Incandenza,"(5192, 5202)"
543,76,Madame Psychosis,"(774, 790)"
544,76,Madame Psychosis,"(1043, 1059)"
545,76,Madame,"(774, 780)"
546,76,Madame,"(1043, 1049)"
547,76,Mario,"(2174, 2179)"
548,76,Mario,"(2313, 2318)"
549,76,Mario,"(2646, 2651)"
550,76,Mario,"(2983, 2988)"
551,76,Mario,"(3086, 3091)"
552,76,Mario,"(3353, 3358)"
553,76,Hal,"(118, 121)"
554,76,Hal,"(2031, 2034)"
555,76,Hal,"(2275, 2278)"
556,76,Hal,"(2691, 2694)"
557,76,Hal,"(2786, 2789)"
558,76,Hal,"(2879, 2882)"
559,76,Hal,"(3029, 3032)"
560,76,Hal,"(3151, 3154)"
561,76,Avril,"(2013, 2018)"
562,76,Avril,"(2595, 2600)"
563,76,Avril,"(3076, 3081)"
564,76,Avril,"(3110, 3115)"
565,76,Avril,"(3240, 3245)"
566,78,Hal,"(2207, 2210)"
567,78,Hal,"(2667, 2670)"
568,79,Madame Psychosis,"(3706, 3722)"
569,79,Madame,"(3706, 3712)"
570,83,Hal,"(4835, 4838)"
571,83,Hal,"(4979, 4982)"
572,83,Hal,"(5401, 5404)"
573,83,Hal,"(5635, 5638)"
574,83,Incandenza,"(4839, 4849)"
575,84,Mario,"(4819, 4824)"
576,84,Hal,"(79, 82)"
577,84,Hal,"(597, 600)"
578,84,Hal,"(943, 946)"
579,84,Hal,"(1435, 1438)"
580,84,Hal,"(1464, 1467)"
581,84,Hal,"(2758, 2761)"
582,84,Hal,"(3069, 3072)"
583,84,Hal,"(3744, 3747)"
584,84,Hal,"(4811, 4814)"
585,84,Hal,"(4861, 4864)"
586,84,Hal,"(5617, 5620)"
587,84,Hal,"(7039, 7042)"
588,84,Avril,"(3761, 3766)"
589,85,Madame Psychosis,"(867, 883)"
590,85,Madame,"(867, 873)"
591,85,Mario,"(4304, 4309)"
592,85,Mario,"(5440, 5445)"
593,85,Mario,"(6675, 6680)"
594,85,Hal,"(255, 258)"
595,85,Hal,"(616, 619)"
596,85,Hal,"(3376, 3379)"
597,85,Hal,"(3677, 3680)"
598,85,Hal,"(3885, 3888)"
599,85,Hal,"(3922, 3925)"
600,85,Hal,"(4256, 4259)"
601,85,Hal,"(5303, 5306)"
602,85,Hal,"(5593, 5596)"
603,85,Hal,"(5841, 5844)"
604,85,Hal,"(6493, 6496)"
605,85,Hal,"(7237, 7240)"
606,85,Hal,"(7825, 7828)"
607,85,Incandenza,"(4260, 4270)"
608,85,Incandenza,"(4310, 4320)"
609,86,Mario,"(4227, 4232)"
610,86,Mario,"(4797, 4802)"
611,86,Hal,"(212, 215)"
612,86,Hal,"(1964, 1967)"
613,86,Hal,"(2421, 2424)"
614,86,Hal,"(2637, 2640)"
615,86,Hal,"(2734, 2737)"
616,86,Hal,"(2972, 2975)"
617,86,Hal,"(3437, 3440)"
618,86,Avril,"(162, 167)"
619,86,Avril,"(4259, 4264)"
620,88,Orin,"(1707, 1711)"
621,88,Orin,"(6266, 6270)"
622,88,Incandenza,"(6778, 6788)"
623,89,Madame,"(510, 516)"
624,89,Orin,"(5649, 5653)"
625,89,Incandenza,"(274, 284)"
626,89,Incandenza,"(6493, 6503)"
627,90,Orin,"(2752, 2756)"
628,90,Orin,"(3570, 3574)"
629,90,Orin,"(3739, 3743)"
630,90,Orin,"(4415, 4419)"
631,90,Incandenza,"(2616, 2626)"
632,90,Incandenza,"(3575, 3585)"
633,90,Incandenza,"(3744, 3754)"
634,92,Orin,"(5250, 5254)"
635,93,Incandenza,"(6341, 6351)"
636,94,Orin,"(428, 432)"
637,94,Himself,"(474, 481)"
638,95,Hal,"(3778, 3781)"
639,95,Hal,"(6766, 6769)"
640,95,Orin,"(4166, 4170)"
641,96,Mario,"(3010, 3015)"
642,96,Hal,"(699, 702)"
643,96,Hal,"(1813, 1816)"
644,96,Hal,"(2022, 2025)"
645,96,Hal,"(6132, 6135)"
646,96,Hallie,"(699, 705)"
647,96,Hallie,"(1813, 1819)"
648,96,Hallie,"(2022, 2028)"
649,96,Hallie,"(6132, 6138)"
650,97,Mario,"(4516, 4521)"
651,97,Hal,"(444, 447)"
652,97,Hal,"(1002, 1005)"
653,97,Hal,"(1161, 1164)"
654,97,Hal,"(1237, 1240)"
655,97,Hal,"(4264, 4267)"
656,97,Hal,"(4609, 4612)"
657,97,Hallie,"(444, 450)"
658,97,Hallie,"(1237, 1243)"
659,97,Hallie,"(4609, 4615)"
660,97,Himself,"(1375, 1382)"
661,97,Himself,"(3537, 3544)"
662,97,Himself,"(3625, 3632)"
663,97,Himself,"(3650, 3657)"
664,97,Himself,"(3668, 3675)"
665,97,Himself,"(3699, 3706)"
666,97,Himself,"(3741, 3748)"
667,98,P.G.O.A.T.,"(2529, 2539)"
668,98,Mario,"(462, 467)"
669,98,Mario,"(2953, 2958)"
670,98,Mario,"(3428, 3433)"
671,98,Mario,"(3482, 3487)"
672,98,Hal,"(3999, 4002)"
673,98,Orin,"(664, 668)"
674,98,Himself,"(2627, 2634)"
675,98,Himself,"(2759, 2766)"
676,98,Himself,"(2768, 2775)"
677,98,Himself,"(2861, 2868)"
678,98,Himself,"(3564, 3571)"
679,98,Incandenza,"(1288, 1298)"
680,99,Hal,"(2854, 2857)"
681,99,Hallie,"(2854, 2860)"
682,99,Himself,"(5148, 5155)"
683,99,Himself,"(5204, 5211)"
684,100,Hal,"(2425, 2428)"
685,100,Hal,"(3312, 3315)"
686,100,Hallie,"(2425, 2431)"
687,100,Hallie,"(3312, 3318)"
688,100,Himself,"(1708, 1715)"
689,100,Himself,"(2090, 2097)"
690,100,Himself,"(2201, 2208)"
691,100,Himself,"(5664, 5671)"
692,100,Himself,"(5948, 5955)"
693,100,Himself,"(5995, 6002)"
694,101,Hal,"(4723, 4726)"
695,101,Hal,"(5421, 5424)"
696,101,Hallie,"(4723, 4729)"
697,101,Hallie,"(5421, 5427)"
698,101,Himself,"(2242, 2249)"
699,101,Himself,"(3218, 3225)"
700,101,Himself,"(5554, 5561)"
701,102,Hal,"(1823, 1826)"
702,102,Hal,"(6548, 6551)"
703,102,Hal,"(7187, 7190)"
704,102,Incandenza,"(6552, 6562)"
705,102,Incandenza,"(6958, 6968)"
706,103,Hal,"(14, 17)"
707,103,Hal,"(298, 301)"
708,103,Hal,"(809, 812)"
709,103,Hal,"(1086, 1089)"
710,103,Hal,"(4111, 4114)"
711,103,Incandenza,"(813, 823)"
712,103,Incandenza,"(1454, 1464)"
713,103,Incandenza,"(1505, 1515)"
714,104,Mario,"(2769, 2774)"
715,104,Mario,"(7014, 7019)"
716,104,Hal,"(3999, 4002)"
717,104,Hal,"(4127, 4130)"
718,104,Hal,"(4207, 4210)"
719,104,Hal,"(4301, 4304)"
720,104,Incandenza,"(7020, 7030)"
721,105,Mario,"(273, 278)"
722,105,Mario,"(672, 677)"
723,105,Mario,"(1052, 1057)"
724,105,Mario,"(7652, 7657)"
725,105,Hal,"(3540, 3543)"
726,105,Incandenza,"(3544, 3554)"
727,106,Hal,"(6390, 6393)"
728,106,Hal,"(6813, 6816)"
729,106,Hal,"(6933, 6936)"
730,106,Hal,"(7331, 7334)"
731,106,Hal,"(7847, 7850)"
732,106,Hal,"(8080, 8083)"
733,106,Hal,"(8205, 8208)"
734,106,Incandenza,"(6394, 6404)"
735,107,Hal,"(90, 93)"
736,107,Hal,"(213, 216)"
737,107,Incandenza,"(493, 503)"
738,111,Mario,"(4151, 4156)"
739,111,Mario,"(4223, 4228)"
740,111,Mario,"(7221, 7226)"
741,111,Hal,"(1429, 1432)"
742,111,Hal,"(2733, 2736)"
743,111,Hal,"(3735, 3738)"
744,111,Hal,"(7132, 7135)"
745,111,Hal,"(7204, 7207)"
746,111,Orin,"(7153, 7157)"
747,111,Orin,"(7434, 7438)"
748,111,Incandenza,"(1433, 1443)"
749,111,Incandenza,"(4157, 4167)"
750,111,Incandenza,"(7158, 7168)"
751,112,Hal,"(6333, 6336)"
752,112,Hal,"(6398, 6401)"
753,112,Orin,"(819, 823)"
754,112,Orin,"(1137, 1141)"
755,112,Orin,"(1406, 1410)"
756,112,Orin,"(1531, 1535)"
757,112,Orin,"(2134, 2138)"
758,112,Orin,"(2267, 2271)"
759,112,Orin,"(2874, 2878)"
760,112,Orin,"(3589, 3593)"
761,112,Orin,"(4058, 4062)"
762,112,Orin,"(4437, 4441)"
763,112,Orin,"(4791, 4795)"
764,112,Orin,"(5050, 5054)"
765,112,Orin,"(5117, 5121)"
766,112,Orin,"(5472, 5476)"
767,112,Orin,"(5517, 5521)"
768,112,Orin,"(5569, 5573)"
769,112,Orin,"(5699, 5703)"
770,112,Orin,"(6119, 6123)"
771,112,Orin,"(6169, 6173)"
772,112,Orin,"(6298, 6302)"
773,112,Orin,"(6502, 6506)"
774,112,Orin,"(6670, 6674)"
775,112,Orin,"(7655, 7659)"
776,112,Himself,"(1934, 1941)"
777,112,Himself,"(3914, 3921)"
778,112,Himself,"(4632, 4639)"
779,112,Himself,"(6432, 6439)"
780,112,Avril,"(1217, 1222)"
781,112,Avril,"(5490, 5495)"
782,112,Avril,"(6826, 6831)"
783,112,Avril,"(7151, 7156)"
784,112,Incandenza,"(1223, 1233)"
785,112,Incandenza,"(4617, 4627)"
786,112,Incandenza,"(5478, 5488)"
787,112,Incandenza,"(5496, 5506)"
788,113,Mario,"(1898, 1903)"
789,113,Hal,"(1890, 1893)"
790,113,Orin,"(410, 414)"
791,113,Orin,"(440, 444)"
792,113,Orin,"(647, 651)"
793,113,Orin,"(767, 771)"
794,113,Orin,"(1329, 1333)"
795,113,Orin,"(1589, 1593)"
796,113,Orin,"(2007, 2011)"
797,113,Orin,"(2064, 2068)"
798,113,Orin,"(2614, 2618)"
799,113,Orin,"(2817, 2821)"
800,113,Himself,"(2965, 2972)"
801,113,Himself,"(3147, 3154)"
802,113,Avril,"(1217, 1222)"
803,113,Avril,"(1880, 1885)"
804,113,Avril,"(7275, 7280)"
805,113,Avril,"(8159, 8164)"
806,113,Incandenza,"(1468, 1478)"
807,113,Incandenza,"(2177, 2187)"
808,113,Incandenza,"(3136, 3146)"
809,113,Incandenza,"(7281, 7291)"
810,114,Orin,"(556, 560)"
811,114,Orin,"(670, 674)"
812,114,Orin,"(835, 839)"
813,114,Orin,"(1258, 1262)"
814,114,Orin,"(1322, 1326)"
815,114,Orin,"(1520, 1524)"
816,114,Orin,"(2155, 2159)"
817,114,Orin,"(2641, 2645)"
818,114,Orin,"(3526, 3530)"
819,114,Orin,"(3886, 3890)"
820,114,Orin,"(4074, 4078)"
821,114,Orin,"(4128, 4132)"
822,114,Orin,"(4691, 4695)"
823,114,Orin,"(4818, 4822)"
824,114,Orin,"(5607, 5611)"
825,114,Orin,"(6592, 6596)"
826,114,Orin,"(7574, 7578)"
827,114,Orin,"(7600, 7604)"
828,114,Orin,"(7797, 7801)"
829,114,Orin,"(7997, 8001)"
830,114,Orin,"(8064, 8068)"
831,114,Avril,"(962, 967)"
832,114,Avril,"(2679, 2684)"
833,114,Incandenza,"(473, 483)"
834,114,Incandenza,"(4133, 4143)"
835,115,P.G.O.A.T.,"(1555, 1565)"
836,115,Hal,"(7595, 7598)"
837,115,Orin,"(449, 453)"
838,115,Orin,"(689, 693)"
839,115,Orin,"(902, 906)"
840,115,Orin,"(1331, 1335)"
841,115,Orin,"(1406, 1410)"
842,115,Orin,"(2240, 2244)"
843,115,Orin,"(3263, 3267)"
844,115,Orin,"(3660, 3664)"
845,115,Orin,"(3793, 3797)"
846,115,Orin,"(4066, 4070)"
847,115,Orin,"(4216, 4220)"
848,115,Orin,"(4574, 4578)"
849,115,Orin,"(4928, 4932)"
850,115,Orin,"(5027, 5031)"
851,115,Orin,"(5997, 6001)"
852,115,Orin,"(6708, 6712)"
853,115,Orin,"(7952, 7956)"
854,115,Orin,"(8203, 8207)"
855,115,Incandenza,"(2245, 2255)"
856,115,Incandenza,"(7957, 7967)"
857,116,P.G.O.A.T.,"(3759, 3769)"
858,116,Hal,"(1401, 1404)"
859,116,Orin,"(364, 368)"
860,116,Orin,"(403, 407)"
861,116,Orin,"(710, 714)"
862,116,Orin,"(1080, 1084)"
863,116,Orin,"(1358, 1362)"
864,116,Orin,"(1411, 1415)"
865,116,Orin,"(1799, 1803)"
866,116,Orin,"(1871, 1875)"
867,116,Orin,"(1972, 1976)"
868,116,Orin,"(2337, 2341)"
869,116,Orin,"(2427, 2431)"
870,116,Orin,"(2940, 2944)"
871,116,Orin,"(3599, 3603)"
872,116,Orin,"(4796, 4800)"
873,116,Orin,"(5705, 5709)"
874,116,Orin,"(6258, 6262)"
875,116,Orin,"(7248, 7252)"
876,116,Orin,"(8098, 8102)"
877,116,Incandenza,"(1085, 1095)"
878,116,Incandenza,"(1876, 1886)"
879,116,Incandenza,"(4597, 4607)"
880,117,P.G.O.A.T.,"(1377, 1387)"
881,117,P.G.O.A.T.,"(2154, 2164)"
882,117,P.G.O.A.T.,"(2676, 2686)"
883,117,P.G.O.A.T.,"(4103, 4113)"
884,117,P.G.O.A.T.,"(4908, 4918)"
885,117,Mario,"(3824, 3829)"
886,117,Orin,"(121, 125)"
887,117,Orin,"(606, 610)"
888,117,Orin,"(803, 807)"
889,117,Orin,"(1080, 1084)"
890,117,Orin,"(1134, 1138)"
891,117,Orin,"(2306, 2310)"
892,117,Orin,"(2997, 3001)"
893,117,Orin,"(3114, 3118)"
894,117,Orin,"(3170, 3174)"
895,117,Orin,"(3836, 3840)"
896,117,Orin,"(4149, 4153)"
897,117,Orin,"(4372, 4376)"
898,117,Orin,"(4862, 4866)"
899,117,Orin,"(5600, 5604)"
900,117,Orin,"(6240, 6244)"
901,117,Orin,"(6946, 6950)"
902,117,Orin,"(7429, 7433)"
903,117,Orin,"(7771, 7775)"
904,117,Orin,"(7958, 7962)"
905,117,Himself,"(2660, 2667)"
906,117,Himself,"(2978, 2985)"
907,117,Himself,"(3389, 3396)"
908,117,Himself,"(3647, 3654)"
909,117,Himself,"(4759, 4766)"
910,117,Himself,"(5311, 5318)"
911,117,Avril,"(105, 110)"
912,118,P.G.O.A.T.,"(1400, 1410)"
913,118,Hal,"(5124, 5127)"
914,118,Orin,"(143, 147)"
915,118,Orin,"(674, 678)"
916,118,Orin,"(1089, 1093)"
917,118,Orin,"(1678, 1682)"
918,118,Orin,"(1867, 1871)"
919,118,Orin,"(1985, 1989)"
920,118,Orin,"(2282, 2286)"
921,118,Orin,"(2773, 2777)"
922,121,Hal,"(6834, 6837)"
923,121,Incandenza,"(6838, 6848)"
924,122,Hal,"(1060, 1063)"
925,122,Hal,"(1647, 1650)"
926,122,Hal,"(1923, 1926)"
927,122,Hal,"(2909, 2912)"
928,122,Hal,"(4101, 4104)"
929,122,Hal,"(4691, 4694)"
930,122,Hal,"(5257, 5260)"
931,122,Orin,"(1705, 1709)"
932,122,Orin,"(1942, 1946)"
933,122,Orin,"(2066, 2070)"
934,122,Incandenza,"(884, 894)"
935,123,Mario,"(2666, 2671)"
936,123,Mario,"(3188, 3193)"
937,123,Mario,"(3626, 3631)"
938,123,Mario,"(3927, 3932)"
939,123,Mario,"(4885, 4890)"
940,123,Mario,"(4968, 4973)"
941,123,Mario,"(5221, 5226)"
942,123,Mario,"(5561, 5566)"
943,123,Mario,"(6328, 6333)"
944,123,Mario,"(6710, 6715)"
945,123,Mario,"(6909, 6914)"
946,123,Mario,"(7248, 7253)"
947,123,Hal,"(6889, 6892)"
948,123,Orin,"(4908, 4912)"
949,123,Orin,"(5504, 5508)"
950,123,Orin,"(6002, 6006)"
951,123,Avril,"(1055, 1060)"
952,123,Avril,"(1337, 1342)"
953,123,Avril,"(2190, 2195)"
954,123,Avril,"(2290, 2295)"
955,123,Incandenza,"(975, 985)"
956,123,Incandenza,"(1061, 1071)"
957,123,Incandenza,"(1898, 1908)"
958,123,Incandenza,"(3231, 3241)"
959,123,Incandenza,"(3656, 3666)"
960,124,Mario,"(868, 873)"
961,124,Mario,"(997, 1002)"
962,124,Mario,"(1292, 1297)"
963,124,Mario,"(2563, 2568)"
964,124,Mario,"(3160, 3165)"
965,124,Mario,"(3537, 3542)"
966,124,Mario,"(3775, 3780)"
967,124,Mario,"(3865, 3870)"
968,124,Mario,"(4047, 4052)"
969,124,Mario,"(4224, 4229)"
970,124,Mario,"(4936, 4941)"
971,124,Mario,"(5091, 5096)"
972,124,Mario,"(5509, 5514)"
973,124,Mario,"(5963, 5968)"
974,124,Mario,"(6221, 6226)"
975,124,Mario,"(6599, 6604)"
976,124,Mario,"(6872, 6877)"
977,124,Mario,"(6990, 6995)"
978,124,Mario,"(7031, 7036)"
979,124,Mario,"(7273, 7278)"
980,124,Mario,"(7554, 7559)"
981,124,Mario,"(7705, 7710)"
982,124,Booboo,"(7311, 7317)"
983,124,Hal,"(340, 343)"
984,124,Hal,"(887, 890)"
985,124,Hal,"(6969, 6972)"
986,124,Hal,"(7067, 7070)"
987,124,Hal,"(7293, 7296)"
988,124,Hal,"(7390, 7393)"
989,124,Hal,"(7725, 7728)"
990,124,Hal,"(7908, 7911)"
991,124,Hal,"(8015, 8018)"
992,124,Hallie,"(887, 893)"
993,124,Orin,"(905, 909)"
994,124,Orin,"(4774, 4778)"
995,124,Himself,"(1658, 1665)"
996,124,Himself,"(2941, 2948)"
997,124,Himself,"(3433, 3440)"
998,124,Avril,"(7689, 7694)"
999,124,Avril,"(8030, 8035)"
1000,124,Incandenza,"(1989, 1999)"
1001,124,Incandenza,"(4779, 4789)"
1002,124,Incandenza,"(4945, 4955)"
1003,125,Mario,"(106, 111)"
1004,125,Mario,"(362, 367)"
1005,125,Mario,"(840, 845)"
1006,125,Mario,"(1159, 1164)"
1007,125,Mario,"(1296, 1301)"
1008,125,Booboo,"(531, 537)"
1009,125,Hal,"(341, 344)"
1010,125,Hal,"(393, 396)"
1011,125,Hal,"(456, 459)"
1012,125,Hal,"(653, 656)"
1013,125,Hal,"(817, 820)"
1014,125,Hal,"(899, 902)"
1015,125,Hal,"(996, 999)"
1016,125,Hal,"(1283, 1286)"
1017,125,Avril,"(373, 378)"
1018,125,Avril,"(806, 811)"
1019,127,Hal,"(796, 799)"
1020,127,Hal,"(1373, 1376)"
1021,127,Hal,"(2408, 2411)"
1022,127,Incandenza,"(800, 810)"
1023,127,Incandenza,"(2982, 2992)"
1024,128,Hal,"(5089, 5092)"
1025,129,Hal,"(5208, 5211)"
1026,129,Hal,"(5764, 5767)"
1027,129,Hal,"(6537, 6540)"
1028,129,Hal,"(7271, 7274)"
1029,129,Incandenza,"(1768, 1778)"
1030,129,Incandenza,"(5212, 5222)"
1031,130,Mario,"(3617, 3622)"
1032,130,Hal,"(750, 753)"
1033,130,Hal,"(2905, 2908)"
1034,130,Hal,"(4870, 4873)"
1035,130,Hal,"(6235, 6238)"
1036,130,Hal,"(6987, 6990)"
1037,130,Hal,"(6996, 6999)"
1038,131,Hal,"(613, 616)"
1039,131,Hal,"(4269, 4272)"
1040,131,Hal,"(4559, 4562)"
1041,131,Hal,"(5486, 5489)"
1042,131,Hal,"(7167, 7170)"
1043,131,Hal,"(7223, 7226)"
1044,131,Hal,"(7352, 7355)"
1045,131,Hal,"(7609, 7612)"
1046,131,Hal,"(7792, 7795)"
1047,132,Hal,"(1860, 1863)"
1048,132,Hal,"(2124, 2127)"
1049,132,Hal,"(2718, 2721)"
1050,132,Hal,"(6176, 6179)"
1051,133,Hal,"(387, 390)"
1052,133,Hal,"(1953, 1956)"
1053,133,Hal,"(4102, 4105)"
1054,133,Hal,"(5697, 5700)"
1055,133,Hal,"(6045, 6048)"
1056,133,Hal,"(6216, 6219)"
1057,133,Hal,"(6256, 6259)"
1058,133,Hal,"(7872, 7875)"
1059,133,Incandenza,"(391, 401)"
1060,133,Incandenza,"(7715, 7725)"
1061,134,Hal,"(47, 50)"
1062,134,Hal,"(739, 742)"
1063,134,Hal,"(874, 877)"
1064,134,Hal,"(957, 960)"
1065,134,Hal,"(3854, 3857)"
1066,134,Hal,"(5029, 5032)"
1067,134,Hal,"(5066, 5069)"
1068,134,Hal,"(5481, 5484)"
1069,134,Hal,"(6781, 6784)"
1070,134,Hal,"(7510, 7513)"
1071,134,Hal,"(7626, 7629)"
1072,134,Hal,"(7690, 7693)"
1073,147,Mario,"(2908, 2913)"
1074,147,Himself,"(2533, 2540)"
1075,147,Incandenza,"(2798, 2808)"
1076,148,Mario,"(5542, 5547)"
1077,148,Mario,"(5657, 5662)"
1078,148,Mario,"(6340, 6345)"
1079,148,Mario,"(7039, 7044)"
1080,148,Mario,"(7260, 7265)"
1081,148,Himself,"(5604, 5611)"
1082,148,Himself,"(6685, 6692)"
1083,148,Himself,"(6900, 6907)"
1084,148,Incandenza,"(5822, 5832)"
1085,148,Incandenza,"(6200, 6210)"
1086,148,Incandenza,"(6826, 6836)"
1087,148,Incandenza,"(7045, 7055)"
1088,149,Mario,"(999, 1004)"
1089,149,Mario,"(1322, 1327)"
1090,149,Mario,"(1530, 1535)"
1091,149,Mario,"(1879, 1884)"
1092,149,Mario,"(2104, 2109)"
1093,149,Mario,"(2347, 2352)"
1094,149,Mario,"(3417, 3422)"
1095,149,Mario,"(5577, 5582)"
1096,149,Hal,"(911, 914)"
1097,149,Avril,"(656, 661)"
1098,149,Incandenza,"(1834, 1844)"
1099,149,Incandenza,"(2031, 2041)"
1100,150,Mario,"(2398, 2403)"
1101,150,Mario,"(4094, 4099)"
1102,150,Mario,"(4118, 4123)"
1103,150,Mario,"(5432, 5437)"
1104,150,Mario,"(7634, 7639)"
1105,150,Incandenza,"(4124, 4134)"
1106,151,Mario,"(5627, 5632)"
1107,151,Orin,"(2640, 2644)"
1108,152,Mario,"(6858, 6863)"
1109,152,Mario,"(8359, 8364)"
1110,152,Mario,"(8414, 8419)"
1111,152,Incandenza,"(6864, 6874)"
1112,152,Incandenza,"(8365, 8375)"
1113,153,Mario,"(86, 91)"
1114,153,Mario,"(614, 619)"
1115,153,Incandenza,"(288, 298)"
1116,153,JOI,"(5600, 5603)"
1117,154,Mario,"(7354, 7359)"
1118,154,Hal,"(6153, 6156)"
1119,154,Hal,"(6512, 6515)"
1120,154,Hal,"(6908, 6911)"
1121,154,Hal,"(7037, 7040)"
1122,154,Hal,"(7324, 7327)"
1123,154,Hal,"(7630, 7633)"
1124,154,Incandenza,"(6157, 6167)"
1125,154,Incandenza,"(7954, 7964)"
1126,155,Mario,"(6738, 6743)"
1127,155,Hal,"(2082, 2085)"
1128,155,Himself,"(1490, 1497)"
1129,155,Himself,"(6431, 6438)"
1130,155,Avril,"(1682, 1687)"
1131,155,Incandenza,"(3549, 3559)"
1132,155,Incandenza,"(3612, 3622)"
1133,155,Incandenza,"(6763, 6773)"
1134,156,Mario,"(2339, 2344)"
1135,156,Himself,"(1967, 1974)"
1136,159,Incandenza,"(6899, 6909)"
1137,160,Mario,"(2249, 2254)"
1138,160,Mario,"(2759, 2764)"
1139,160,Mario,"(4054, 4059)"
1140,160,Mario,"(5169, 5174)"
1141,160,Mario,"(6652, 6657)"
1142,160,Hal,"(4297, 4300)"
1143,160,Hal,"(4577, 4580)"
1144,160,Hal,"(5868, 5871)"
1145,160,Hal,"(6306, 6309)"
1146,160,Orin,"(2506, 2510)"
1147,160,Himself,"(3289, 3296)"
1148,160,Himself,"(4967, 4974)"
1149,160,Luria P.,"(5549, 5557)"
1150,160,Incandenza,"(2255, 2265)"
1151,160,Incandenza,"(2511, 2521)"
1152,160,Incandenza,"(2566, 2576)"
1153,161,Hal,"(331, 334)"
1154,161,Hal,"(1750, 1753)"
1155,161,Hal,"(4889, 4892)"
1156,161,Hal,"(6946, 6949)"
1157,161,Hal,"(7579, 7582)"
1158,161,Incandenza,"(1683, 1693)"
1159,162,Hal,"(6561, 6564)"
1160,163,Hal,"(2391, 2394)"
1161,166,Hal,"(3344, 3347)"
1162,168,Mario,"(4510, 4515)"
1163,168,Mario,"(5396, 5401)"
1164,168,Incandenza,"(4516, 4526)"
1165,169,Mario,"(376, 381)"
1166,169,Mario,"(726, 731)"
1167,169,Mario,"(1474, 1479)"
1168,169,Mario,"(1916, 1921)"
1169,169,Mario,"(2547, 2552)"
1170,169,Mario,"(4084, 4089)"
1171,169,Mario,"(5097, 5102)"
1172,169,Mario,"(5206, 5211)"
1173,169,Mario,"(5317, 5322)"
1174,169,Mario,"(5569, 5574)"
1175,169,Mario,"(6102, 6107)"
1176,169,Hal,"(1990, 1993)"
1177,169,Hal,"(1999, 2002)"
1178,169,Hal,"(5417, 5420)"
1179,169,Hal,"(7533, 7536)"
1180,169,Himself,"(2127, 2134)"
1181,169,Himself,"(5059, 5066)"
1182,169,Himself,"(5281, 5288)"
1183,169,Himself,"(5440, 5447)"
1184,169,Incandenza,"(382, 392)"
1185,169,Incandenza,"(1227, 1237)"
1186,169,Incandenza,"(1419, 1429)"
1187,169,Incandenza,"(1519, 1529)"
1188,169,Incandenza,"(1726, 1736)"
1189,169,Incandenza,"(2530, 2540)"
1190,169,Incandenza,"(2598, 2608)"
1191,169,Incandenza,"(3148, 3158)"
1192,169,Incandenza,"(3472, 3482)"
1193,169,Incandenza,"(4090, 4100)"
1194,169,Incandenza,"(5184, 5194)"
1195,169,Incandenza,"(5549, 5559)"
1196,171,Mario,"(1905, 1910)"
1197,171,Mario,"(6405, 6410)"
1198,171,Hal,"(2410, 2413)"
1199,171,Orin,"(3270, 3274)"
1200,171,Avril,"(1938, 1943)"
1201,171,Avril,"(3800, 3805)"
1202,171,Incandenza,"(1911, 1921)"
1203,171,Incandenza,"(3275, 3285)"
1204,172,Luria P.,"(2431, 2439)"
1205,175,Mario,"(7779, 7784)"
1206,175,Mario,"(7864, 7869)"
1207,175,Hal,"(6885, 6888)"
1208,175,Hal,"(7387, 7390)"
1209,175,Hal,"(7402, 7405)"
1210,175,Incandenza,"(6889, 6899)"
1211,176,Madame Psychosis,"(177, 193)"
1212,176,Madame Psychosis,"(669, 685)"
1213,176,Madame Psychosis,"(1273, 1289)"
1214,176,Madame,"(177, 183)"
1215,176,Madame,"(669, 675)"
1216,176,Madame,"(1273, 1279)"
1217,176,Mario,"(752, 757)"
1218,176,Mario,"(929, 934)"
1219,176,Mario,"(948, 953)"
1220,176,Mario,"(1129, 1134)"
1221,176,Hal,"(741, 744)"
1222,176,Hal,"(878, 881)"
1223,176,Hal,"(1461, 1464)"
1224,176,Hal,"(5890, 5893)"
1225,176,Hal,"(6186, 6189)"
1226,176,Hal,"(6411, 6414)"
1227,176,Incandenza,"(5894, 5904)"
1228,177,Mario,"(1624, 1629)"
1229,177,Mario,"(1940, 1945)"
1230,177,Hal,"(136, 139)"
1231,177,Hal,"(1886, 1889)"
1232,177,Hal,"(2763, 2766)"
1233,177,Hal,"(4090, 4093)"
1234,177,Hal,"(4360, 4363)"
1235,177,Hal,"(4604, 4607)"
1236,177,Hal,"(4740, 4743)"
1237,177,Hal,"(4891, 4894)"
1238,177,Hal,"(5191, 5194)"
1239,177,Hal,"(5491, 5494)"
1240,177,Hal,"(5673, 5676)"
1241,177,Hal,"(5747, 5750)"
1242,177,Hal,"(6109, 6112)"
1243,177,Hal,"(6218, 6221)"
1244,177,Hal,"(6371, 6374)"
1245,177,Incandenza,"(1630, 1640)"
1246,177,Incandenza,"(6113, 6123)"
1247,178,Hal,"(1177, 1180)"
1248,178,Hal,"(1210, 1213)"
1249,178,Hal,"(1844, 1847)"
1250,178,Hal,"(5096, 5099)"
1251,178,Hal,"(6237, 6240)"
1252,178,Hal,"(6401, 6404)"
1253,178,Hal,"(6465, 6468)"
1254,178,Hal,"(6762, 6765)"
1255,178,Hal,"(6947, 6950)"
1256,178,Hal,"(7014, 7017)"
1257,178,Hal,"(7141, 7144)"
1258,178,Hal,"(7162, 7165)"
1259,178,Incandenza,"(6241, 6251)"
1260,179,Hal,"(63, 66)"
1261,179,Hal,"(995, 998)"
1262,179,Hal,"(2019, 2022)"
1263,179,Incandenza,"(2458, 2468)"
1264,180,Mario,"(1541, 1546)"
1265,180,Hal,"(1320, 1323)"
1266,180,Hal,"(1468, 1471)"
1267,180,Hal,"(2847, 2850)"
1268,180,Incandenza,"(1472, 1482)"
1269,199,Hal,"(2959, 2962)"
1270,199,Hal,"(3635, 3638)"
1271,199,Hal,"(4564, 4567)"
1272,199,Hal,"(4864, 4867)"
1273,199,Hal,"(5178, 5181)"
1274,199,Hal,"(6369, 6372)"
1275,199,Avril,"(6889, 6894)"
1276,199,Avril,"(7093, 7098)"
1277,199,Incandenza,"(2963, 2973)"
1278,199,Incandenza,"(6895, 6905)"
1279,200,Mario,"(720, 725)"
1280,200,Hal,"(1459, 1462)"
1281,200,Hal,"(2722, 2725)"
1282,200,Hal,"(3420, 3423)"
1283,200,Hal,"(3527, 3530)"
1284,200,Hal,"(5051, 5054)"
1285,200,Hal,"(5105, 5108)"
1286,200,Hal,"(5684, 5687)"
1287,200,Hal,"(6724, 6727)"
1288,200,Hal,"(7475, 7478)"
1289,200,Hal,"(7560, 7563)"
1290,200,Hal,"(7718, 7721)"
1291,200,Orin,"(4248, 4252)"
1292,200,Himself,"(1075, 1082)"
1293,200,Avril,"(56, 61)"
1294,200,Avril,"(213, 218)"
1295,200,Avril,"(1010, 1015)"
1296,200,Avril,"(1494, 1499)"
1297,200,Avril,"(2511, 2516)"
1298,200,Avril,"(3876, 3881)"
1299,200,Avril,"(4066, 4071)"
1300,200,Avril,"(6366, 6371)"
1301,200,Incandenza,"(2520, 2530)"
1302,200,Incandenza,"(4072, 4082)"
1303,201,Hal,"(971, 974)"
1304,201,Hal,"(1386, 1389)"
1305,201,Hal,"(2748, 2751)"
1306,201,Hal,"(3081, 3084)"
1307,201,Hal,"(3573, 3576)"
1308,201,Avril,"(2761, 2766)"
1309,201,Avril,"(3304, 3309)"
1310,201,Avril,"(3375, 3380)"
1311,201,Avril,"(4847, 4852)"
1312,201,Avril,"(5165, 5170)"
1313,202,Mario,"(2527, 2532)"
1314,202,Mario,"(6515, 6520)"
1315,202,Hal,"(908, 911)"
1316,202,Hal,"(1054, 1057)"
1317,202,Hal,"(1266, 1269)"
1318,202,Hal,"(1433, 1436)"
1319,202,Hal,"(1954, 1957)"
1320,202,Hal,"(2375, 2378)"
1321,202,Hal,"(2545, 2548)"
1322,202,Hal,"(2653, 2656)"
1323,202,Hal,"(2770, 2773)"
1324,202,Hal,"(2934, 2937)"
1325,202,Hal,"(6012, 6015)"
1326,202,Hal,"(6308, 6311)"
1327,202,Hal,"(6935, 6938)"
1328,202,Hal,"(7847, 7850)"
1329,202,Hal,"(7998, 8001)"
1330,202,Orin,"(2228, 2232)"
1331,202,Orin,"(6851, 6855)"
1332,202,Himself,"(3001, 3008)"
1333,202,Avril,"(394, 399)"
1334,202,Avril,"(7269, 7274)"
1335,203,Booboo,"(999, 1005)"
1336,203,Hal,"(177, 180)"
1337,203,Hal,"(433, 436)"
1338,203,Hal,"(1483, 1486)"
1339,203,Hal,"(1743, 1746)"
1340,203,Hal,"(2640, 2643)"
1341,203,Hal,"(3646, 3649)"
1342,203,Hal,"(4747, 4750)"
1343,203,Hal,"(5064, 5067)"
1344,203,Hal,"(5153, 5156)"
1345,203,Hal,"(6542, 6545)"
1346,203,Hal,"(6794, 6797)"
1347,203,Hal,"(7184, 7187)"
1348,203,Avril,"(5631, 5636)"
1349,204,Hal,"(228, 231)"
1350,204,Hal,"(1301, 1304)"
1351,204,Hal,"(2190, 2193)"
1352,204,Hal,"(2907, 2910)"
1353,204,Hal,"(3008, 3011)"
1354,204,Hal,"(3037, 3040)"
1355,204,Hal,"(3606, 3609)"
1356,204,Hal,"(4734, 4737)"
1357,204,Hal,"(4873, 4876)"
1358,204,Hal,"(5014, 5017)"
1359,204,Hal,"(5249, 5252)"
1360,204,Hal,"(5874, 5877)"
1361,204,Hal,"(6553, 6556)"
1362,204,Orin,"(4707, 4711)"
1363,204,Himself,"(791, 798)"
1364,204,Himself,"(6981, 6988)"
1365,204,Avril,"(324, 329)"
1366,204,Avril,"(4227, 4232)"
1367,204,Avril,"(4946, 4951)"
1368,204,Avril,"(5091, 5096)"
1369,204,Avril,"(5767, 5772)"
1370,204,Avril,"(5956, 5961)"
1371,204,Avril,"(6204, 6209)"
1372,204,Avril,"(6746, 6751)"
1373,204,Incandenza,"(4233, 4243)"
1374,205,Mario,"(2404, 2409)"
1375,205,Hal,"(1937, 1940)"
1376,205,Hal,"(2204, 2207)"
1377,205,Hal,"(2901, 2904)"
1378,205,Hal,"(3142, 3145)"
1379,205,Hal,"(3340, 3343)"
1380,205,Hal,"(3456, 3459)"
1381,205,Hal,"(3577, 3580)"
1382,205,Hal,"(3725, 3728)"
1383,205,Hal,"(4527, 4530)"
1384,205,Hal,"(4534, 4537)"
1385,205,Hal,"(5783, 5786)"
1386,205,Hal,"(5863, 5866)"
1387,205,Orin,"(1928, 1932)"
1388,205,Orin,"(2195, 2199)"
1389,205,Avril,"(1391, 1396)"
1390,205,Avril,"(3447, 3452)"
1391,205,Avril,"(3641, 3646)"
1392,205,Avril,"(4344, 4349)"
1393,205,Avril,"(4588, 4593)"
1394,206,Hal,"(560, 563)"
1395,206,Hal,"(1530, 1533)"
1396,206,Hal,"(2073, 2076)"
1397,206,Hal,"(3065, 3068)"
1398,206,Hal,"(3831, 3834)"
1399,206,Hal,"(4955, 4958)"
1400,206,Hal,"(5904, 5907)"
1401,206,Hal,"(5972, 5975)"
1402,206,Hal,"(6325, 6328)"
1403,206,Hal,"(7555, 7558)"
1404,206,Avril,"(532, 537)"
1405,206,Avril,"(1396, 1401)"
1406,206,Avril,"(4854, 4859)"
1407,207,Hal,"(72, 75)"
1408,207,Hal,"(2040, 2043)"
1409,212,Madame,"(7736, 7742)"
1410,213,Hal,"(868, 871)"
1411,214,Hal,"(1650, 1653)"
1412,214,Hal,"(3565, 3568)"
1413,216,Hal,"(7112, 7115)"
1414,217,Avril,"(993, 998)"
1415,217,Incandenza,"(999, 1009)"
1416,217,Incandenza,"(2346, 2356)"
1417,219,Hal,"(1118, 1121)"
1418,219,Hal,"(1145, 1148)"
1419,219,Hal,"(3300, 3303)"
1420,219,Hal,"(4586, 4589)"
1421,219,Hal,"(6734, 6737)"
1422,219,Hal,"(6823, 6826)"
1423,220,Hal,"(182, 185)"
1424,221,Hal,"(104, 107)"
1425,221,Hal,"(2211, 2214)"
1426,222,Hal,"(2882, 2885)"
1427,222,Hallie,"(2882, 2888)"
1428,222,Orin,"(1891, 1895)"
1429,222,Orin,"(2173, 2177)"
1430,222,Orin,"(3970, 3974)"
1431,222,Orin,"(6019, 6023)"
1432,222,Incandenza,"(1903, 1913)"
1433,223,Mario,"(4960, 4965)"
1434,224,Mario,"(313, 318)"
1435,224,Mario,"(398, 403)"
1436,224,Mario,"(2625, 2630)"
1437,224,Mario,"(3042, 3047)"
1438,226,Hal,"(1873, 1876)"
1439,226,Orin,"(663, 667)"
1440,226,Orin,"(915, 919)"
1441,231,Madame Psychosis,"(5969, 5985)"
1442,231,Madame Psychosis,"(7964, 7980)"
1443,231,Madame,"(5969, 5975)"
1444,231,Madame,"(7964, 7970)"
1445,231,Mario,"(5845, 5850)"
1446,231,Mario,"(6699, 6704)"
1447,231,Mario,"(7379, 7384)"
1448,231,Mario,"(7918, 7923)"
1449,231,Hal,"(6973, 6976)"
1450,231,Hal,"(7816, 7819)"
1451,231,Hal,"(7836, 7839)"
1452,231,Hal,"(8086, 8089)"
1453,231,Hal,"(8145, 8148)"
1454,231,Orin,"(6516, 6520)"
1455,231,Orin,"(6725, 6729)"
1456,231,Avril,"(7435, 7440)"
1457,231,Avril,"(7453, 7458)"
1458,231,Incandenza,"(5851, 5861)"
1459,232,Madame Psychosis,"(6048, 6064)"
1460,232,Madame Psychosis,"(8178, 8194)"
1461,232,Madame,"(4246, 4252)"
1462,232,Madame,"(4584, 4590)"
1463,232,Madame,"(5726, 5732)"
1464,232,Madame,"(6048, 6054)"
1465,232,Madame,"(8178, 8184)"
1466,232,Mario,"(172, 177)"
1467,232,Mario,"(365, 370)"
1468,232,Mario,"(500, 505)"
1469,232,Mario,"(682, 687)"
1470,232,Mario,"(862, 867)"
1471,232,Mario,"(1014, 1019)"
1472,232,Mario,"(2429, 2434)"
1473,232,Mario,"(2496, 2501)"
1474,232,Mario,"(2795, 2800)"
1475,232,Mario,"(3200, 3205)"
1476,232,Mario,"(4272, 4277)"
1477,232,Mario,"(4688, 4693)"
1478,232,Mario,"(5174, 5179)"
1479,232,Mario,"(5250, 5255)"
1480,232,Mario,"(6397, 6402)"
1481,232,Mario,"(6805, 6810)"
1482,232,Mario,"(7003, 7008)"
1483,232,Mario,"(7046, 7051)"
1484,232,Mario,"(7241, 7246)"
1485,232,Mario,"(7472, 7477)"
1486,232,Mario,"(7864, 7869)"
1487,232,Mario,"(8055, 8060)"
1488,232,Booboo,"(7517, 7523)"
1489,232,Hal,"(96, 99)"
1490,232,Hal,"(136, 139)"
1491,232,Hal,"(377, 380)"
1492,232,Hal,"(5409, 5412)"
1493,232,Hal,"(5475, 5478)"
1494,232,Hal,"(5544, 5547)"
1495,232,Hal,"(7348, 7351)"
1496,232,Hal,"(7383, 7386)"
1497,232,Hal,"(7502, 7505)"
1498,232,Hal,"(7560, 7563)"
1499,232,Avril,"(625, 630)"
1500,232,Avril,"(1102, 1107)"
1501,233,Mario,"(0, 5)"
1502,233,Mario,"(724, 729)"
1503,233,Mario,"(802, 807)"
1504,234,Orin,"(4024, 4028)"
1505,234,Orin,"(5013, 5017)"
1506,234,Orin,"(5088, 5092)"
1507,234,Orin,"(5466, 5470)"
1508,234,Orin,"(5854, 5858)"
1509,234,Orin,"(6901, 6905)"
1510,234,Orin,"(7256, 7260)"
1511,234,Orin,"(7695, 7699)"
1512,234,Orin,"(7786, 7790)"
1513,234,Orin,"(7942, 7946)"
1514,235,Mario,"(595, 600)"
1515,235,Orin,"(164, 168)"
1516,235,Orin,"(377, 381)"
1517,235,Orin,"(1004, 1008)"
1518,235,Orin,"(1565, 1569)"
1519,235,Orin,"(2278, 2282)"
1520,235,Orin,"(2451, 2455)"
1521,235,Orin,"(2647, 2651)"
1522,235,Orin,"(3358, 3362)"
1523,235,Orin,"(3439, 3443)"
1524,235,Orin,"(3724, 3728)"
1525,235,Orin,"(3947, 3951)"
1526,236,Orin,"(62, 66)"
1527,236,Orin,"(435, 439)"
1528,236,Orin,"(904, 908)"
1529,236,Orin,"(1171, 1175)"
1530,236,Orin,"(1228, 1232)"
1531,236,Orin,"(1410, 1414)"
1532,236,Orin,"(1521, 1525)"
1533,236,Orin,"(1741, 1745)"
1534,236,Orin,"(1847, 1851)"
1535,236,Orin,"(1969, 1973)"
1536,243,Madame Psychosis,"(3458, 3474)"
1537,243,Madame,"(1082, 1088)"
1538,243,Madame,"(3458, 3464)"
1539,244,Mario,"(7236, 7241)"
1540,244,Hal,"(670, 673)"
1541,244,Hal,"(7228, 7231)"
1542,244,Himself,"(7563, 7570)"
1543,244,Incandenza,"(7093, 7103)"
1544,245,Madame Psychosis,"(6791, 6807)"
1545,245,Madame,"(6791, 6797)"
1546,245,Madame,"(7049, 7055)"
1547,245,Madame,"(7167, 7173)"
1548,246,Madame Psychosis,"(1841, 1857)"
1549,246,Madame,"(83, 89)"
1550,246,Madame,"(683, 689)"
1551,246,Madame,"(1703, 1709)"
1552,246,Madame,"(1783, 1789)"
1553,246,Madame,"(1841, 1847)"
1554,246,Hal,"(7533, 7536)"
1555,246,Incandenza,"(7537, 7547)"
1556,247,Hal,"(1884, 1887)"
1557,247,Hal,"(5007, 5010)"
1558,247,Hal,"(6322, 6325)"
1559,247,Hal,"(6628, 6631)"
1560,247,Hal,"(6919, 6922)"
1561,247,Hal,"(7082, 7085)"
1562,247,Incandenza,"(1888, 1898)"
1563,248,Mario,"(5803, 5808)"
1564,248,Hal,"(966, 969)"
1565,248,Hal,"(2030, 2033)"
1566,248,Hal,"(4604, 4607)"
1567,249,Hal,"(256, 259)"
1568,249,Hal,"(2118, 2121)"
1569,249,Hal,"(4531, 4534)"
1570,249,Hal,"(5103, 5106)"
1571,249,Hal,"(5750, 5753)"
1572,249,Hal,"(6322, 6325)"
1573,249,Hal,"(6452, 6455)"
1574,249,Hal,"(6479, 6482)"
1575,249,Hal,"(6586, 6589)"
1576,249,Hal,"(6591, 6594)"
1577,249,Hal,"(6627, 6630)"
1578,249,Hal,"(6634, 6637)"
1579,249,Hal,"(6672, 6675)"
1580,249,Hal,"(6895, 6898)"
1581,249,Orin,"(388, 392)"
1582,249,Orin,"(4704, 4708)"
1583,249,Orin,"(4889, 4893)"
1584,249,Himself,"(4644, 4651)"
1585,250,Mario,"(8102, 8107)"
1586,250,Hal,"(947, 950)"
1587,250,Hal,"(1187, 1190)"
1588,250,Hal,"(1484, 1487)"
1589,250,Hal,"(1580, 1583)"
1590,250,Hal,"(3286, 3289)"
1591,250,Hal,"(4154, 4157)"
1592,250,Hal,"(5915, 5918)"
1593,250,Hal,"(6044, 6047)"
1594,250,Hal,"(6995, 6998)"
1595,250,Hal,"(7123, 7126)"
1596,250,Hal,"(7233, 7236)"
1597,250,Hal,"(7793, 7796)"
1598,250,Hal,"(7850, 7853)"
1599,250,Hal,"(8082, 8085)"
1600,250,Incandenza,"(6999, 7009)"
1601,251,Hal,"(474, 477)"
1602,251,Hal,"(664, 667)"
1603,256,Hal,"(5339, 5342)"
1604,256,Hal,"(5507, 5510)"
1605,256,Hal,"(5853, 5856)"
1606,256,Orin,"(5819, 5823)"
1607,257,Mario,"(6162, 6167)"
1608,257,Hal,"(386, 389)"
1609,257,Hal,"(1739, 1742)"
1610,257,Hal,"(1900, 1903)"
1611,257,Hal,"(2123, 2126)"
1612,257,Hal,"(2240, 2243)"
1613,257,Hal,"(2603, 2606)"
1614,257,Hal,"(2863, 2866)"
1615,257,Hal,"(2888, 2891)"
1616,257,Hal,"(2997, 3000)"
1617,257,Hal,"(3556, 3559)"
1618,257,Hal,"(3586, 3589)"
1619,257,Hal,"(3718, 3721)"
1620,257,Hal,"(3928, 3931)"
1621,257,Hal,"(3981, 3984)"
1622,257,Hal,"(4208, 4211)"
1623,257,Hal,"(4335, 4338)"
1624,257,Hal,"(4351, 4354)"
1625,257,Hal,"(4417, 4420)"
1626,257,Hal,"(4998, 5001)"
1627,257,Hal,"(5126, 5129)"
1628,257,Hal,"(5307, 5310)"
1629,257,Hal,"(5510, 5513)"
1630,257,Hal,"(6324, 6327)"
1631,257,Hal,"(6382, 6385)"
1632,257,Hal,"(7412, 7415)"
1633,257,Hal,"(7911, 7914)"
1634,257,Hal,"(8151, 8154)"
1635,257,Orin,"(6339, 6343)"
1636,257,Incandenza,"(4355, 4365)"
1637,258,Hal,"(372, 375)"
1638,258,Hal,"(3843, 3846)"
1639,258,Hal,"(5114, 5117)"
1640,258,Hal,"(5396, 5399)"
1641,258,Hal,"(5521, 5524)"
1642,258,Hal,"(5605, 5608)"
1643,258,Hal,"(5902, 5905)"
1644,258,Hal,"(6582, 6585)"
1645,258,Hal,"(6683, 6686)"
1646,258,Hal,"(7004, 7007)"
1647,258,Hal,"(7087, 7090)"
1648,258,Hal,"(7283, 7286)"
1649,258,Orin,"(312, 316)"
1650,258,Orin,"(2262, 2266)"
1651,258,Orin,"(5079, 5083)"
1652,258,Avril,"(2148, 2153)"
1653,258,Incandenza,"(2154, 2164)"
1654,258,Incandenza,"(5400, 5410)"
1655,258,Incandenza,"(6127, 6137)"
1656,259,Hal,"(65, 68)"
1657,259,Hal,"(147, 150)"
1658,259,Hal,"(2380, 2383)"
1659,259,Hal,"(2717, 2720)"
1660,259,Hal,"(3044, 3047)"
1661,259,Hal,"(3793, 3796)"
1662,259,Hal,"(4003, 4006)"
1663,259,Hal,"(4210, 4213)"
1664,259,Hal,"(4639, 4642)"
1665,259,Hal,"(4644, 4647)"
1666,259,Hal,"(4913, 4916)"
1667,259,Hal,"(5255, 5258)"
1668,259,Hal,"(5591, 5594)"
1669,259,Hal,"(6003, 6006)"
1670,259,Hal,"(6206, 6209)"
1671,259,Hal,"(6608, 6611)"
1672,259,Incandenza,"(2385, 2395)"
1673,259,Incandenza,"(2722, 2732)"
1674,259,Incandenza,"(6433, 6443)"
1675,260,Hal,"(81, 84)"
1676,260,Hal,"(122, 125)"
1677,260,Hal,"(3075, 3078)"
1678,260,Hal,"(4105, 4108)"
1679,260,Hal,"(6280, 6283)"
1680,260,Hal,"(6528, 6531)"
1681,260,Orin,"(4197, 4201)"
1682,261,Hal,"(151, 154)"
1683,261,Hal,"(786, 789)"
1684,261,Hal,"(3752, 3755)"
1685,261,Orin,"(1154, 1158)"
1686,261,Orin,"(1845, 1849)"
1687,261,Orin,"(2477, 2481)"
1688,261,Incandenza,"(1162, 1172)"
1689,261,Incandenza,"(2345, 2355)"
1690,262,Hal,"(2742, 2745)"
1691,262,Hal,"(5952, 5955)"
1692,262,Incandenza,"(258, 268)"
1693,262,Incandenza,"(2746, 2756)"
1694,262,Incandenza,"(5956, 5966)"
1695,263,Incandenza,"(5178, 5188)"
1696,264,Hal,"(3011, 3014)"
1697,264,Incandenza,"(2970, 2980)"
1698,265,Hal,"(2001, 2004)"
1699,265,Hal,"(2103, 2106)"
1700,265,Hal,"(2550, 2553)"
1701,265,Hal,"(2877, 2880)"
1702,266,Hal,"(644, 647)"
1703,266,Hal,"(3318, 3321)"
1704,266,Hal,"(3485, 3488)"
1705,266,Hal,"(3596, 3599)"
1706,266,Hal,"(3720, 3723)"
1707,266,Hal,"(3856, 3859)"
1708,266,Hal,"(3979, 3982)"
1709,266,Hal,"(4571, 4574)"
1710,266,Hal,"(4838, 4841)"
1711,266,Hal,"(5480, 5483)"
1712,266,Hal,"(5629, 5632)"
1713,266,Hal,"(5830, 5833)"
1714,266,Hal,"(6033, 6036)"
1715,266,Hal,"(6110, 6113)"
1716,266,Hal,"(6218, 6221)"
1717,266,Hal,"(6316, 6319)"
1718,266,Incandenza,"(867, 877)"
1719,266,Incandenza,"(4152, 4162)"
1720,266,Incandenza,"(4179, 4189)"
1721,266,Incandenza,"(4231, 4241)"
1722,266,Incandenza,"(4808, 4818)"
1723,266,Incandenza,"(5039, 5049)"
1724,266,Incandenza,"(6037, 6047)"
1725,267,Hal,"(495, 498)"
1726,267,Hal,"(3239, 3242)"
1727,267,Hal,"(3448, 3451)"
1728,267,Hal,"(3603, 3606)"
1729,267,Hal,"(3838, 3841)"
1730,267,Hal,"(4111, 4114)"
1731,267,Hal,"(6750, 6753)"
1732,267,Hal,"(7086, 7089)"
1733,268,Hal,"(484, 487)"
1734,268,Hal,"(643, 646)"
1735,268,Hal,"(666, 669)"
1736,268,Hal,"(1445, 1448)"
1737,268,Hal,"(2833, 2836)"
1738,268,Hal,"(2969, 2972)"
1739,268,Hal,"(3120, 3123)"
1740,268,Hal,"(3185, 3188)"
1741,268,Hal,"(3301, 3304)"
1742,268,Hal,"(3857, 3860)"
1743,269,Hal,"(7467, 7470)"
1744,270,Hal,"(320, 323)"
1745,270,Hal,"(915, 918)"
1746,270,Hal,"(1299, 1302)"
1747,270,Hal,"(1535, 1538)"
1748,270,Hal,"(1553, 1556)"
1749,270,Hal,"(1868, 1871)"
1750,270,Hal,"(2040, 2043)"
1751,270,Hal,"(2467, 2470)"
1752,270,Hal,"(2767, 2770)"
1753,270,Hal,"(2931, 2934)"
1754,270,Hal,"(3071, 3074)"
1755,270,Hal,"(3327, 3330)"
1756,270,Hal,"(3660, 3663)"
1757,270,Hal,"(7395, 7398)"
1758,270,Hal,"(7692, 7695)"
1759,270,Orin,"(1323, 1327)"
1760,270,Himself,"(3240, 3247)"
1761,271,Mario,"(1610, 1615)"
1762,271,Mario,"(1725, 1730)"
1763,271,Hal,"(364, 367)"
1764,271,Hal,"(1772, 1775)"
1765,271,Hal,"(1991, 1994)"
1766,271,Hal,"(2273, 2276)"
1767,271,Himself,"(2119, 2126)"
1768,271,Incandenza,"(2360, 2370)"
1769,272,Hal,"(1320, 1323)"
1770,272,Hal,"(6355, 6358)"
1771,272,Hal,"(7959, 7962)"
1772,272,Orin,"(6344, 6348)"
1773,272,Incandenza,"(5725, 5735)"
1774,272,Incandenza,"(6129, 6139)"
1775,272,Incandenza,"(6515, 6525)"
1776,272,Incandenza,"(7963, 7973)"
1777,273,Hal,"(526, 529)"
1778,273,Hal,"(2415, 2418)"
1779,273,Hal,"(3261, 3264)"
1780,273,Hal,"(4574, 4577)"
1781,273,Himself,"(2265, 2272)"
1782,273,Avril,"(246, 251)"
1783,273,Avril,"(438, 443)"
1784,273,Incandenza,"(253, 263)"
1785,273,Incandenza,"(2001, 2011)"
1786,275,Mario,"(4800, 4805)"
1787,275,Mario,"(4973, 4978)"
1788,275,Mario,"(5007, 5012)"
1789,275,Hal,"(1084, 1087)"
1790,275,Hal,"(1273, 1276)"
1791,275,Hal,"(6110, 6113)"
1792,275,Hal,"(6267, 6270)"
1793,275,Hal,"(6356, 6359)"
1794,275,Hal,"(6524, 6527)"
1795,275,Hal,"(6803, 6806)"
1796,275,Avril,"(5110, 5115)"
1797,275,Incandenza,"(5116, 5126)"
1798,276,Hal,"(817, 820)"
1799,276,Hal,"(1213, 1216)"
1800,276,Hal,"(1624, 1627)"
1801,276,Hal,"(1674, 1677)"
1802,276,Hal,"(1898, 1901)"
1803,276,Hal,"(2297, 2300)"
1804,276,Hal,"(2864, 2867)"
1805,276,Hal,"(3439, 3442)"
1806,276,Hal,"(3947, 3950)"
1807,276,Hal,"(4047, 4050)"
1808,276,Hal,"(4621, 4624)"
1809,276,Hal,"(5180, 5183)"
1810,276,Hal,"(6220, 6223)"
1811,276,Hal,"(6901, 6904)"
1812,276,Himself,"(4162, 4169)"
1813,276,Himself,"(4662, 4669)"
1814,276,Himself,"(5242, 5249)"
1815,276,Himself,"(6122, 6129)"
1816,276,Himself,"(6513, 6520)"
1817,277,Hal,"(959, 962)"
1818,277,Hal,"(5104, 5107)"
1819,277,Hal,"(5632, 5635)"
1820,277,Hal,"(6358, 6361)"
1821,277,Himself,"(6005, 6012)"
1822,277,Himself,"(6472, 6479)"
1823,277,Himself,"(6669, 6676)"
1824,277,Himself,"(7004, 7011)"
1825,277,Incandenza,"(5887, 5897)"
1826,280,Hal,"(3541, 3544)"
1827,280,Hal,"(4705, 4708)"
1828,280,Hal,"(5650, 5653)"
1829,280,Hal,"(5746, 5749)"
1830,280,Hal,"(5858, 5861)"
1831,285,Luria P.,"(2689, 2697)"
1832,289,Pokie,"(6063, 6068)"
1833,289,Pokie,"(6321, 6326)"
1834,289,Orin,"(558, 562)"
1835,289,Orin,"(3805, 3809)"
1836,289,Orin,"(4600, 4604)"
1837,289,Orin,"(4774, 4778)"
1838,289,Orin,"(4910, 4914)"
1839,289,Orin,"(5223, 5227)"
1840,289,Orin,"(5540, 5544)"
1841,289,Orin,"(5622, 5626)"
1842,289,Orin,"(5815, 5819)"
1843,289,Orin,"(6112, 6116)"
1844,289,Orin,"(6425, 6429)"
1845,289,Orin,"(6667, 6671)"
1846,289,Orin,"(6686, 6690)"
1847,289,Orin,"(6809, 6813)"
1848,289,Orin,"(6840, 6844)"
1849,289,Orin,"(7075, 7079)"
1850,289,Orin,"(7517, 7521)"
1851,289,Orin,"(7533, 7537)"
1852,289,Orin,"(7662, 7666)"
1853,289,Himself,"(4663, 4670)"
1854,289,Himself,"(4803, 4810)"
1855,289,Himself,"(7638, 7645)"
1856,289,Incandenza,"(3810, 3820)"
1857,289,Incandenza,"(5376, 5386)"
1858,290,Pokie,"(4747, 4752)"
1859,290,Orin,"(167, 171)"
1860,290,Orin,"(302, 306)"
1861,290,Orin,"(693, 697)"
1862,290,Orin,"(850, 854)"
1863,290,Orin,"(1071, 1075)"
1864,290,Orin,"(1077, 1081)"
1865,290,Orin,"(1449, 1453)"
1866,290,Orin,"(1491, 1495)"
1867,290,Orin,"(2397, 2401)"
1868,290,Orin,"(2789, 2793)"
1869,290,Orin,"(3993, 3997)"
1870,290,Orin,"(4294, 4298)"
1871,290,Orin,"(4411, 4415)"
1872,290,Orin,"(4559, 4563)"
1873,290,Orin,"(4619, 4623)"
1874,290,Orin,"(5052, 5056)"
1875,290,Orin,"(5417, 5421)"
1876,290,Orin,"(6072, 6076)"
1877,290,Orin,"(6388, 6392)"
1878,290,Orin,"(6539, 6543)"
1879,290,Orin,"(6645, 6649)"
1880,290,Orin,"(6813, 6817)"
1881,290,Orin,"(7490, 7494)"
1882,290,Himself,"(5490, 5497)"
1883,290,Himself,"(5608, 5615)"
1884,290,Himself,"(6452, 6459)"
1885,290,Himself,"(6677, 6684)"
1886,290,Avril,"(630, 635)"
1887,290,Incandenza,"(636, 646)"
1888,291,Orin,"(2050, 2054)"
1889,291,Orin,"(2209, 2213)"
1890,291,Orin,"(3881, 3885)"
1891,291,Orin,"(4479, 4483)"
1892,291,Orin,"(5171, 5175)"
1893,291,Orin,"(8250, 8254)"
1894,291,Himself,"(344, 351)"
1895,291,Himself,"(1572, 1579)"
1896,291,Himself,"(8259, 8266)"
1897,291,Incandenza,"(191, 201)"
1898,291,Incandenza,"(3886, 3896)"
1899,292,P.G.O.A.T.,"(513, 523)"
1900,292,Mario,"(1389, 1394)"
1901,292,Mario,"(1580, 1585)"
1902,292,Mario,"(1767, 1772)"
1903,292,Mario,"(4750, 4755)"
1904,292,Mario,"(5248, 5253)"
1905,292,Mario,"(5469, 5474)"
1906,292,Mario,"(7777, 7782)"
1907,292,Hal,"(1321, 1324)"
1908,292,Hal,"(1932, 1935)"
1909,292,Hal,"(4627, 4630)"
1910,292,Hal,"(4876, 4879)"
1911,292,Hal,"(5133, 5136)"
1912,292,Hal,"(5460, 5463)"
1913,292,Hal,"(5714, 5717)"
1914,292,Hal,"(7382, 7385)"
1915,292,Hal,"(7691, 7694)"
1916,292,Hal,"(7823, 7826)"
1917,292,Orin,"(411, 415)"
1918,292,Orin,"(433, 437)"
1919,292,Orin,"(495, 499)"
1920,292,Orin,"(789, 793)"
1921,292,Orin,"(897, 901)"
1922,292,Orin,"(1282, 1286)"
1923,292,Orin,"(1923, 1927)"
1924,292,Orin,"(1963, 1967)"
1925,292,Orin,"(2127, 2131)"
1926,292,Orin,"(2541, 2545)"
1927,292,Orin,"(3116, 3120)"
1928,292,Orin,"(4099, 4103)"
1929,292,Orin,"(4564, 4568)"
1930,292,Orin,"(5141, 5145)"
1931,292,Orin,"(5233, 5237)"
1932,292,Orin,"(5454, 5458)"
1933,292,Orin,"(6511, 6515)"
1934,292,Orin,"(6995, 6999)"
1935,292,Himself,"(346, 353)"
1936,292,Himself,"(812, 819)"
1937,292,Himself,"(2245, 2252)"
1938,292,Himself,"(8042, 8049)"
1939,292,Avril,"(3165, 3170)"
1940,292,Avril,"(3520, 3525)"
1941,292,Avril,"(3939, 3944)"
1942,292,Avril,"(4296, 4301)"
1943,292,Avril,"(4536, 4541)"
1944,292,Avril,"(4649, 4654)"
1945,292,Avril,"(4703, 4708)"
1946,292,Avril,"(4801, 4806)"
1947,292,Avril,"(5014, 5019)"
1948,292,Avril,"(5170, 5175)"
1949,292,Avril,"(5408, 5413)"
1950,292,Avril,"(5702, 5707)"
1951,292,Avril,"(5970, 5975)"
1952,292,Avril,"(6628, 6633)"
1953,292,Avril,"(7090, 7095)"
1954,292,Avril,"(7293, 7298)"
1955,292,Incandenza,"(3133, 3143)"
1956,292,Incandenza,"(3526, 3536)"
1957,292,Incandenza,"(4389, 4399)"
1958,292,Incandenza,"(4717, 4727)"
1959,292,Incandenza,"(4880, 4890)"
1960,292,Incandenza,"(5563, 5573)"
1961,292,Incandenza,"(6158, 6168)"
1962,292,Incandenza,"(6885, 6895)"
1963,292,Incandenza,"(7196, 7206)"
1964,292,Incandenza,"(7386, 7396)"
1965,292,Incandenza,"(7959, 7969)"
1966,293,Mario,"(1400, 1405)"
1967,293,Mario,"(1645, 1650)"
1968,293,Mario,"(2179, 2184)"
1969,293,Mario,"(2303, 2308)"
1970,293,Mario,"(2734, 2739)"
1971,293,Mario,"(5205, 5210)"
1972,293,Hal,"(682, 685)"
1973,293,Hal,"(807, 810)"
1974,293,Hal,"(1568, 1571)"
1975,293,Hal,"(1635, 1638)"
1976,293,Hal,"(2515, 2518)"
1977,293,Hal,"(3226, 3229)"
1978,293,Hal,"(3499, 3502)"
1979,293,Hal,"(4115, 4118)"
1980,293,Hal,"(4374, 4377)"
1981,293,Hal,"(4898, 4901)"
1982,293,Hal,"(5147, 5150)"
1983,293,Orin,"(1004, 1008)"
1984,293,Orin,"(1811, 1815)"
1985,293,Orin,"(1915, 1919)"
1986,293,Orin,"(3398, 3402)"
1987,293,Orin,"(3529, 3533)"
1988,293,Orin,"(4240, 4244)"
1989,293,Orin,"(4634, 4638)"
1990,293,Orin,"(4742, 4746)"
1991,293,Orin,"(4882, 4886)"
1992,293,Orin,"(5329, 5333)"
1993,293,Orin,"(6197, 6201)"
1994,293,Orin,"(6378, 6382)"
1995,293,Avril,"(308, 313)"
1996,293,Avril,"(672, 677)"
1997,293,Avril,"(1696, 1701)"
1998,293,Avril,"(2004, 2009)"
1999,293,Avril,"(2523, 2528)"
2000,293,Avril,"(2925, 2930)"
2001,293,Avril,"(3366, 3371)"
2002,293,Incandenza,"(1442, 1452)"
2003,293,Incandenza,"(2020, 2030)"
2004,293,Incandenza,"(2584, 2594)"
2005,293,Incandenza,"(5057, 5067)"
2006,296,Mario,"(4524, 4529)"
2007,296,Mario,"(4617, 4622)"
2008,296,Mario,"(5037, 5042)"
2009,296,Mario,"(6095, 6100)"
2010,297,Mario,"(599, 604)"
2011,297,Mario,"(1010, 1015)"
2012,297,Mario,"(1462, 1467)"
2013,297,Mario,"(1571, 1576)"
2014,297,Mario,"(1773, 1778)"
2015,297,Mario,"(1864, 1869)"
2016,297,Mario,"(2358, 2363)"
2017,297,Mario,"(2476, 2481)"
2018,297,Mario,"(2790, 2795)"
2019,297,Mario,"(4247, 4252)"
2020,297,Mario,"(4430, 4435)"
2021,297,Mario,"(5074, 5079)"
2022,297,Mario,"(5083, 5088)"
2023,297,Mario,"(5344, 5349)"
2024,297,Mario,"(5871, 5876)"
2025,298,Mario,"(158, 163)"
2026,298,Mario,"(251, 256)"
2027,298,Mario,"(559, 564)"
2028,298,Mario,"(577, 582)"
2029,298,Mario,"(967, 972)"
2030,298,Mario,"(1481, 1486)"
2031,298,Mario,"(2238, 2243)"
2032,298,Mario,"(2255, 2260)"
2033,298,Mario,"(2404, 2409)"
2034,298,Mario,"(2734, 2739)"
2035,298,Mario,"(2938, 2943)"
2036,298,Mario,"(3140, 3145)"
2037,298,Mario,"(3276, 3281)"
2038,298,Mario,"(3520, 3525)"
2039,298,Mario,"(4126, 4131)"
2040,298,Mario,"(4858, 4863)"
2041,298,Mario,"(4928, 4933)"
2042,298,Mario,"(4983, 4988)"
2043,298,Mario,"(5262, 5267)"
2044,298,Mario,"(5436, 5441)"
2045,298,Mario,"(5799, 5804)"
2046,298,Mario,"(6047, 6052)"
2047,298,Mario,"(6155, 6160)"
2048,298,Hal,"(315, 318)"
2049,298,Hal,"(750, 753)"
2050,298,Hal,"(824, 827)"
2051,298,Hal,"(977, 980)"
2052,298,Hal,"(2425, 2428)"
2053,298,Hal,"(2825, 2828)"
2054,298,Hal,"(3098, 3101)"
2055,298,Hal,"(3432, 3435)"
2056,298,Hal,"(3496, 3499)"
2057,298,Avril,"(5306, 5311)"
2058,298,Incandenza,"(5312, 5322)"
2059,299,Mario,"(292, 297)"
2060,299,Mario,"(374, 379)"
2061,299,Mario,"(530, 535)"
2062,299,Mario,"(734, 739)"
2063,299,Mario,"(748, 753)"
2064,299,Mario,"(1538, 1543)"
2065,299,Mario,"(1884, 1889)"
2066,299,Mario,"(2183, 2188)"
2067,299,Mario,"(2969, 2974)"
2068,299,Mario,"(3129, 3134)"
2069,299,Mario,"(4889, 4894)"
2070,299,Mario,"(5192, 5197)"
2071,299,Mario,"(6381, 6386)"
2072,299,Hal,"(6122, 6125)"
2073,299,Hal,"(6367, 6370)"
2074,299,Orin,"(6087, 6091)"
2075,299,Avril,"(940, 945)"
2076,299,Avril,"(1088, 1093)"
2077,299,Avril,"(3197, 3202)"
2078,299,Avril,"(6141, 6146)"
2079,300,Mario,"(121, 126)"
2080,300,Mario,"(1348, 1353)"
2081,300,Mario,"(2182, 2187)"
2082,300,Mario,"(2392, 2397)"
2083,300,Mario,"(3076, 3081)"
2084,300,Mario,"(4071, 4076)"
2085,300,Mario,"(4881, 4886)"
2086,300,Hal,"(17, 20)"
2087,300,Hal,"(884, 887)"
2088,300,Hal,"(1916, 1919)"
2089,300,Hal,"(2078, 2081)"
2090,300,Hal,"(3115, 3118)"
2091,300,Himself,"(3549, 3556)"
2092,300,Himself,"(3558, 3565)"
2093,300,Avril,"(1541, 1546)"
2094,301,Mario,"(966, 971)"
2095,301,Mario,"(1236, 1241)"
2096,301,Mario,"(2007, 2012)"
2097,301,Mario,"(2406, 2411)"
2098,301,Mario,"(2960, 2965)"
2099,301,Mario,"(4235, 4240)"
2100,301,Mario,"(4265, 4270)"
2101,301,Mario,"(5512, 5517)"
2102,301,Mario,"(5949, 5954)"
2103,301,Mario,"(6154, 6159)"
2104,301,Mario,"(6841, 6846)"
2105,301,Hal,"(87, 90)"
2106,301,Hal,"(95, 98)"
2107,301,Hal,"(908, 911)"
2108,301,Hal,"(1628, 1631)"
2109,301,Orin,"(899, 903)"
2110,301,Orin,"(6099, 6103)"
2111,301,Himself,"(5915, 5922)"
2112,301,Avril,"(1739, 1744)"
2113,301,Avril,"(1793, 1798)"
2114,301,Avril,"(5179, 5184)"
2115,301,Avril,"(5820, 5825)"
2116,301,Incandenza,"(545, 555)"
2117,301,Incandenza,"(1799, 1809)"
2118,301,Incandenza,"(5185, 5195)"
2119,301,Incandenza,"(6104, 6114)"
2120,302,Mario,"(1828, 1833)"
2121,302,Mario,"(2387, 2392)"
2122,302,Mario,"(3895, 3900)"
2123,302,Mario,"(4823, 4828)"
2124,302,Mario,"(4927, 4932)"
2125,302,Mario,"(5768, 5773)"
2126,302,Booboo,"(5745, 5751)"
2127,302,Hal,"(640, 643)"
2128,302,Hal,"(5778, 5781)"
2129,302,Orin,"(3419, 3423)"
2130,302,Avril,"(4055, 4060)"
2131,303,Mario,"(269, 274)"
2132,303,Booboo,"(1682, 1688)"
2133,303,Booboo,"(2210, 2216)"
2134,303,Booboo,"(3404, 3410)"
2135,303,Hal,"(2202, 2205)"
2136,303,Hal,"(2428, 2431)"
2137,303,Hal,"(2447, 2450)"
2138,303,Hal,"(2480, 2483)"
2139,303,Hal,"(2515, 2518)"
2140,303,Hal,"(3555, 3558)"
2141,303,Orin,"(969, 973)"
2142,303,Orin,"(1188, 1192)"
2143,303,Orin,"(1432, 1436)"
2144,303,Orin,"(4100, 4104)"
2145,303,Orin,"(4244, 4248)"
2146,303,Orin,"(4655, 4659)"
2147,303,Orin,"(4890, 4894)"
2148,303,Orin,"(5136, 5140)"
2149,303,Himself,"(4012, 4019)"
2150,304,Booboo,"(3494, 3500)"
2151,304,Hal,"(848, 851)"
2152,304,Hal,"(2398, 2401)"
2153,304,Hal,"(3146, 3149)"
2154,304,Hal,"(3310, 3313)"
2155,304,Hal,"(3636, 3639)"
2156,304,Orin,"(4434, 4438)"
2157,308,Mario,"(4472, 4477)"
2158,308,Hal,"(4378, 4381)"
2159,308,Hal,"(4458, 4461)"
2160,308,Hal,"(4507, 4510)"
2161,308,Hal,"(5116, 5119)"
2162,309,Mario,"(3507, 3512)"
2163,309,Mario,"(3898, 3903)"
2164,309,Booboo,"(3084, 3090)"
2165,309,Hal,"(5, 8)"
2166,309,Hal,"(4008, 4011)"
2167,309,Hal,"(4107, 4110)"
2168,309,Hal,"(4303, 4306)"
2169,309,Hal,"(4349, 4352)"
2170,309,Hal,"(5398, 5401)"
2171,309,Orin,"(791, 795)"
2172,309,Orin,"(3622, 3626)"
2173,309,Himself,"(726, 733)"
2174,309,Himself,"(3598, 3605)"
2175,309,Himself,"(3831, 3838)"
2176,309,Himself,"(3855, 3862)"
2177,310,Booboo,"(871, 877)"
2178,310,Booboo,"(938, 944)"
2179,310,Hal,"(514, 517)"
2180,310,Hal,"(804, 807)"
2181,310,Hal,"(895, 898)"
2182,310,Hal,"(930, 933)"
2183,310,Hal,"(1012, 1015)"
2184,310,Himself,"(254, 261)"
2185,311,Madame Psychosis,"(2245, 2261)"
2186,311,Madame Psychosis,"(2650, 2666)"
2187,311,Madame Psychosis,"(2896, 2912)"
2188,311,Madame Psychosis,"(4016, 4032)"
2189,311,Madame Psychosis,"(4818, 4834)"
2190,311,Madame Psychosis,"(5065, 5081)"
2191,311,Madame Psychosis,"(5210, 5226)"
2192,311,Madame Psychosis,"(5440, 5456)"
2193,311,Madame Psychosis,"(5605, 5621)"
2194,311,Madame Psychosis,"(5741, 5757)"
2195,311,Madame Psychosis,"(7486, 7502)"
2196,311,Madame Psychosis,"(7534, 7550)"
2197,311,Madame Psychosis,"(7741, 7757)"
2198,311,Madame,"(1529, 1535)"
2199,311,Madame,"(2245, 2251)"
2200,311,Madame,"(2650, 2656)"
2201,311,Madame,"(2702, 2708)"
2202,311,Madame,"(2896, 2902)"
2203,311,Madame,"(4016, 4022)"
2204,311,Madame,"(4818, 4824)"
2205,311,Madame,"(5065, 5071)"
2206,311,Madame,"(5210, 5216)"
2207,311,Madame,"(5440, 5446)"
2208,311,Madame,"(5605, 5611)"
2209,311,Madame,"(5741, 5747)"
2210,311,Madame,"(7486, 7492)"
2211,311,Madame,"(7534, 7540)"
2212,311,Madame,"(7741, 7747)"
2213,311,Madame,"(7786, 7792)"
2214,311,Incandenza,"(1449, 1459)"
2215,311,J.O.I.,"(7072, 7078)"
2216,312,Madame Psychosis,"(896, 912)"
2217,312,Madame Psychosis,"(1364, 1380)"
2218,312,Madame Psychosis,"(1649, 1665)"
2219,312,Madame Psychosis,"(2024, 2040)"
2220,312,Madame Psychosis,"(2570, 2586)"
2221,312,Madame Psychosis,"(3204, 3220)"
2222,312,Madame Psychosis,"(3482, 3498)"
2223,312,Madame Psychosis,"(5712, 5728)"
2224,312,Madame Psychosis,"(6019, 6035)"
2225,312,Madame Psychosis,"(6323, 6339)"
2226,312,Madame Psychosis,"(6502, 6518)"
2227,312,Madame Psychosis,"(6779, 6795)"
2228,312,Madame Psychosis,"(6902, 6918)"
2229,312,Madame Psychosis,"(7171, 7187)"
2230,312,Madame Psychosis,"(7419, 7435)"
2231,312,Madame Psychosis,"(7500, 7516)"
2232,312,Madame Psychosis,"(7603, 7619)"
2233,312,Madame,"(896, 902)"
2234,312,Madame,"(1364, 1370)"
2235,312,Madame,"(1649, 1655)"
2236,312,Madame,"(1990, 1996)"
2237,312,Madame,"(2024, 2030)"
2238,312,Madame,"(2570, 2576)"
2239,312,Madame,"(3204, 3210)"
2240,312,Madame,"(3317, 3323)"
2241,312,Madame,"(3482, 3488)"
2242,312,Madame,"(4532, 4538)"
2243,312,Madame,"(5712, 5718)"
2244,312,Madame,"(6019, 6025)"
2245,312,Madame,"(6323, 6329)"
2246,312,Madame,"(6502, 6508)"
2247,312,Madame,"(6779, 6785)"
2248,312,Madame,"(6902, 6908)"
2249,312,Madame,"(7171, 7177)"
2250,312,Madame,"(7419, 7425)"
2251,312,Madame,"(7500, 7506)"
2252,312,Madame,"(7603, 7609)"
2253,312,J.O.I.,"(182, 188)"
2254,313,Madame Psychosis,"(308, 324)"
2255,313,Madame Psychosis,"(963, 979)"
2256,313,Madame Psychosis,"(1297, 1313)"
2257,313,Madame Psychosis,"(1530, 1546)"
2258,313,Madame Psychosis,"(1738, 1754)"
2259,313,Madame Psychosis,"(1906, 1922)"
2260,313,Madame Psychosis,"(3243, 3259)"
2261,313,Madame Psychosis,"(4876, 4892)"
2262,313,Madame Psychosis,"(5070, 5086)"
2263,313,Madame Psychosis,"(5317, 5333)"
2264,313,Madame Psychosis,"(6534, 6550)"
2265,313,Madame Psychosis,"(6874, 6890)"
2266,313,Madame Psychosis,"(7270, 7286)"
2267,313,Madame,"(308, 314)"
2268,313,Madame,"(963, 969)"
2269,313,Madame,"(1297, 1303)"
2270,313,Madame,"(1530, 1536)"
2271,313,Madame,"(1738, 1744)"
2272,313,Madame,"(1906, 1912)"
2273,313,Madame,"(2774, 2780)"
2274,313,Madame,"(3243, 3249)"
2275,313,Madame,"(4876, 4882)"
2276,313,Madame,"(5070, 5076)"
2277,313,Madame,"(5317, 5323)"
2278,313,Madame,"(6534, 6540)"
2279,313,Madame,"(6874, 6880)"
2280,313,Madame,"(7270, 7276)"
2281,313,Orin,"(7701, 7705)"
2282,314,Madame,"(75, 81)"
2283,314,Hal,"(1021, 1024)"
2284,314,Hal,"(1791, 1794)"
2285,314,Hal,"(2609, 2612)"
2286,314,Hal,"(2951, 2954)"
2287,314,Hal,"(3293, 3296)"
2288,314,Hal,"(3553, 3556)"
2289,314,Hal,"(4260, 4263)"
2290,314,Hal,"(5180, 5183)"
2291,314,Hal,"(5349, 5352)"
2292,314,Hal,"(5688, 5691)"
2293,314,Hal,"(6194, 6197)"
2294,314,Hal,"(7244, 7247)"
2295,314,Hal,"(7505, 7508)"
2296,314,Hal,"(7698, 7701)"
2297,315,Hal,"(76, 79)"
2298,315,Hal,"(215, 218)"
2299,315,Hal,"(1161, 1164)"
2300,315,Hal,"(1523, 1526)"
2301,315,Hal,"(1579, 1582)"
2302,315,Hal,"(2186, 2189)"
2303,315,Hal,"(2871, 2874)"
2304,315,Hal,"(2970, 2973)"
2305,315,Hal,"(3716, 3719)"
2306,315,Hal,"(5517, 5520)"
2307,315,Hal,"(5862, 5865)"
2308,315,Hal,"(5913, 5916)"
2309,315,Hal,"(6222, 6225)"
2310,315,Hal,"(6258, 6261)"
2311,315,Hal,"(6904, 6907)"
2312,315,Hal,"(7297, 7300)"
2313,316,Hal,"(82, 85)"
2314,316,Hal,"(292, 295)"
2315,316,Hal,"(541, 544)"
2316,316,Hal,"(2325, 2328)"
2317,316,Hal,"(2656, 2659)"
2318,316,Hal,"(3840, 3843)"
2319,316,Hal,"(4329, 4332)"
2320,316,Hal,"(4601, 4604)"
2321,316,Hal,"(5505, 5508)"
2322,317,Hal,"(124, 127)"
2323,317,Hal,"(410, 413)"
2324,317,Hal,"(803, 806)"
2325,317,Hal,"(823, 826)"
2326,317,Hal,"(2048, 2051)"
2327,317,Hal,"(2185, 2188)"
2328,317,Hal,"(2411, 2414)"
2329,317,Hal,"(2866, 2869)"
2330,317,Hal,"(3002, 3005)"
2331,317,Hal,"(4126, 4129)"
2332,317,Hal,"(4545, 4548)"
2333,317,Hal,"(4780, 4783)"
2334,317,Hal,"(5513, 5516)"
2335,317,Hal,"(5754, 5757)"
2336,317,Hal,"(6088, 6091)"
2337,317,Hal,"(7096, 7099)"
2338,317,Hal,"(7656, 7659)"
2339,317,Orin,"(2285, 2289)"
2340,318,Hal,"(535, 538)"
2341,318,Hal,"(552, 555)"
2342,318,Hal,"(911, 914)"
2343,318,Hal,"(1243, 1246)"
2344,318,Hal,"(1286, 1289)"
2345,318,Hal,"(1359, 1362)"
2346,318,Hal,"(2345, 2348)"
2347,318,Hal,"(3379, 3382)"
2348,318,Hal,"(3713, 3716)"
2349,318,Hal,"(4071, 4074)"
2350,318,Hal,"(4450, 4453)"
2351,318,Hal,"(4631, 4634)"
2352,318,Hal,"(5189, 5192)"
2353,318,Hal,"(5839, 5842)"
2354,318,Hal,"(6173, 6176)"
2355,318,Hal,"(6565, 6568)"
2356,318,Hal,"(7512, 7515)"
2357,319,Hal,"(218, 221)"
2358,319,Hal,"(346, 349)"
2359,319,Hal,"(533, 536)"
2360,319,Hal,"(1136, 1139)"
2361,319,Hal,"(2171, 2174)"
2362,319,Hal,"(2319, 2322)"
2363,320,Hal,"(2827, 2830)"
2364,325,Madame,"(7148, 7154)"
2365,333,Luria P.,"(2456, 2464)"
2366,334,Hal,"(17, 20)"
2367,335,Mario,"(3638, 3643)"
2368,335,Mario,"(3879, 3884)"
2369,335,Mario,"(4350, 4355)"
2370,335,Mario,"(5378, 5383)"
2371,335,Mario,"(6782, 6787)"
2372,336,Madame Psychosis,"(3042, 3058)"
2373,336,Madame,"(3042, 3048)"
2374,336,Mario,"(6951, 6956)"
2375,336,Mario,"(7605, 7610)"
2376,336,Hal,"(7876, 7879)"
2377,336,Hal,"(8121, 8124)"
2378,336,Himself,"(4451, 4458)"
2379,336,Incandenza,"(7880, 7890)"
2380,336,Incandenza,"(8125, 8135)"
2381,340,Hal,"(7040, 7043)"
2382,341,Mario,"(1731, 1736)"
2383,342,Hal,"(4433, 4436)"
2384,343,Mario,"(1965, 1970)"
2385,343,Mario,"(2033, 2038)"
2386,343,Hal,"(412, 415)"
2387,343,Hal,"(6508, 6511)"
2388,343,Himself,"(1344, 1351)"
2389,344,Hal,"(7615, 7618)"
2390,344,Himself,"(5322, 5329)"
2391,344,Himself,"(5584, 5591)"
2392,344,Himself,"(5874, 5881)"
2393,344,Himself,"(5980, 5987)"
2394,345,Hal,"(1140, 1143)"
2395,353,Mario,"(5291, 5296)"
2396,353,Mario,"(7721, 7726)"
2397,353,Orin,"(5399, 5403)"
2398,354,Mario,"(6693, 6698)"
2399,354,Orin,"(2948, 2952)"
2400,354,Orin,"(7716, 7720)"
2401,354,Orin,"(8191, 8195)"
2402,354,Himself,"(2916, 2923)"
2403,354,Himself,"(3252, 3259)"
2404,354,Himself,"(3849, 3856)"
2405,354,Himself,"(4056, 4063)"
2406,354,Himself,"(4558, 4565)"
2407,354,Himself,"(6541, 6548)"
2408,354,Himself,"(6712, 6719)"
2409,354,Himself,"(6913, 6920)"
2410,354,Himself,"(6964, 6971)"
2411,354,Himself,"(6976, 6983)"
2412,354,Avril,"(3952, 3957)"
2413,354,Mondragon,"(3959, 3968)"
2414,354,Incandenza,"(3975, 3985)"
2415,355,Mario,"(467, 472)"
2416,355,Mario,"(5260, 5265)"
2417,355,Mario,"(5307, 5312)"
2418,355,Mario,"(5674, 5679)"
2419,355,Mario,"(5769, 5774)"
2420,355,Mario,"(6120, 6125)"
2421,355,Booboo,"(843, 849)"
2422,355,Orin,"(5164, 5168)"
2423,355,Orin,"(5467, 5471)"
2424,355,Orin,"(5682, 5686)"
2425,355,Orin,"(5830, 5834)"
2426,355,Orin,"(5980, 5984)"
2427,355,Himself,"(3041, 3048)"
2428,355,Himself,"(5713, 5720)"
2429,355,Mondragon,"(4724, 4733)"
2430,357,Mario,"(6809, 6814)"
2431,358,Hal,"(874, 877)"
2432,358,Hal,"(3707, 3710)"
2433,358,Himself,"(540, 547)"
2434,359,Mario,"(643, 648)"
2435,359,Himself,"(1181, 1188)"
2436,359,Himself,"(3559, 3566)"
2437,359,Himself,"(3610, 3617)"
2438,359,Himself,"(4915, 4922)"
2439,371,Mario,"(652, 657)"
2440,371,Mario,"(708, 713)"
2441,371,Mario,"(965, 970)"
2442,371,Mario,"(1385, 1390)"
2443,371,Mario,"(1759, 1764)"
2444,371,Mario,"(2287, 2292)"
2445,371,Mario,"(2889, 2894)"
2446,371,Mario,"(2966, 2971)"
2447,371,Mario,"(3227, 3232)"
2448,371,Mario,"(3655, 3660)"
2449,371,Mario,"(4014, 4019)"
2450,371,Mario,"(4430, 4435)"
2451,371,Mario,"(5248, 5253)"
2452,371,Mario,"(5333, 5338)"
2453,371,Hal,"(3371, 3374)"
2454,371,Himself,"(685, 692)"
2455,371,Himself,"(1627, 1634)"
2456,372,P.G.O.A.T.,"(5973, 5983)"
2457,372,Mario,"(50, 55)"
2458,372,Mario,"(232, 237)"
2459,372,Mario,"(1467, 1472)"
2460,372,Mario,"(1712, 1717)"
2461,372,Mario,"(2078, 2083)"
2462,372,Mario,"(2480, 2485)"
2463,372,Mario,"(4072, 4077)"
2464,372,Mario,"(5261, 5266)"
2465,372,Hal,"(2067, 2070)"
2466,372,Orin,"(5255, 5259)"
2467,372,Himself,"(2315, 2322)"
2468,372,Himself,"(2334, 2341)"
2469,372,Himself,"(2629, 2636)"
2470,372,Himself,"(2923, 2930)"
2471,372,Himself,"(3163, 3170)"
2472,372,Himself,"(3269, 3276)"
2473,372,Himself,"(3601, 3608)"
2474,372,Himself,"(4004, 4011)"
2475,372,Himself,"(4198, 4205)"
2476,372,Himself,"(4614, 4621)"
2477,372,Himself,"(4914, 4921)"
2478,372,Himself,"(5065, 5072)"
2479,372,Himself,"(5482, 5489)"
2480,372,Himself,"(5937, 5944)"
2481,372,Himself,"(6765, 6772)"
2482,373,Mario,"(3919, 3924)"
2483,373,Himself,"(2477, 2484)"
2484,373,Himself,"(4424, 4431)"
2485,373,Himself,"(4741, 4748)"
2486,373,Himself,"(4821, 4828)"
2487,373,Himself,"(5063, 5070)"
2488,374,Mario,"(4963, 4968)"
2489,374,Mario,"(5218, 5223)"
2490,374,Mario,"(5554, 5559)"
2491,374,Mario,"(6873, 6878)"
2492,374,Mario,"(8194, 8199)"
2493,374,Orin,"(3115, 3119)"
2494,374,Orin,"(3904, 3908)"
2495,374,Orin,"(4022, 4026)"
2496,374,Orin,"(7989, 7993)"
2497,374,Orin,"(8054, 8058)"
2498,374,Himself,"(3653, 3660)"
2499,374,Himself,"(3916, 3923)"
2500,374,Himself,"(4098, 4105)"
2501,374,Himself,"(5116, 5123)"
2502,374,Himself,"(7704, 7711)"
2503,375,Mario,"(1827, 1832)"
2504,375,Mario,"(4005, 4010)"
2505,375,Mario,"(5243, 5248)"
2506,375,Mario,"(7041, 7046)"
2507,375,Mario,"(7217, 7222)"
2508,375,Orin,"(3552, 3556)"
2509,375,Orin,"(7255, 7259)"
2510,375,Orin,"(7532, 7536)"
2511,375,Himself,"(36, 43)"
2512,375,Himself,"(1540, 1547)"
2513,375,Himself,"(2826, 2833)"
2514,375,Himself,"(3444, 3451)"
2515,375,Himself,"(3598, 3605)"
2516,375,Himself,"(6390, 6397)"
2517,376,Mario,"(409, 414)"
2518,376,Mario,"(792, 797)"
2519,376,Mario,"(1884, 1889)"
2520,376,Mario,"(2269, 2274)"
2521,376,Orin,"(817, 821)"
2522,376,Orin,"(1273, 1277)"
2523,376,Orin,"(1451, 1455)"
2524,376,Orin,"(1938, 1942)"
2525,376,Orin,"(5408, 5412)"
2526,376,Orin,"(5600, 5604)"
2527,376,Orin,"(6073, 6077)"
2528,376,Orin,"(6704, 6708)"
2529,376,Orin,"(6840, 6844)"
2530,376,Orin,"(6855, 6859)"
2531,376,Orin,"(6986, 6990)"
2532,376,Orin,"(7262, 7266)"
2533,376,Orin,"(7471, 7475)"
2534,376,Orin,"(7536, 7540)"
2535,376,Himself,"(737, 744)"
2536,376,Himself,"(1519, 1526)"
2537,376,Himself,"(2463, 2470)"
2538,376,Himself,"(4151, 4158)"
2539,376,Himself,"(5388, 5395)"
2540,376,Himself,"(6287, 6294)"
2541,376,Himself,"(6695, 6702)"
2542,376,Himself,"(6736, 6743)"
2543,376,Himself,"(6826, 6833)"
2544,376,Himself,"(6970, 6977)"
2545,376,Himself,"(7138, 7145)"
2546,376,Himself,"(7287, 7294)"
2547,376,Himself,"(7416, 7423)"
2548,376,Avril,"(3616, 3621)"
2549,377,Mario,"(2404, 2409)"
2550,377,Mario,"(3886, 3891)"
2551,377,Mario,"(4075, 4080)"
2552,377,Mario,"(4909, 4914)"
2553,377,Orin,"(34, 38)"
2554,377,Orin,"(61, 65)"
2555,377,Orin,"(210, 214)"
2556,377,Orin,"(359, 363)"
2557,377,Orin,"(511, 515)"
2558,377,Orin,"(596, 600)"
2559,377,Orin,"(657, 661)"
2560,377,Orin,"(759, 763)"
2561,377,Orin,"(928, 932)"
2562,377,Orin,"(1005, 1009)"
2563,377,Orin,"(1452, 1456)"
2564,377,Orin,"(1635, 1639)"
2565,377,Orin,"(1881, 1885)"
2566,377,Orin,"(4203, 4207)"
2567,377,Orin,"(4329, 4333)"
2568,377,Orin,"(4451, 4455)"
2569,377,Orin,"(6348, 6352)"
2570,377,Himself,"(5, 12)"
2571,377,Himself,"(48, 55)"
2572,377,Himself,"(490, 497)"
2573,377,Himself,"(791, 798)"
2574,377,Himself,"(1554, 1561)"
2575,377,Himself,"(1712, 1719)"
2576,377,Himself,"(1787, 1794)"
2577,377,Himself,"(1957, 1964)"
2578,377,Himself,"(1993, 2000)"
2579,377,Himself,"(3926, 3933)"
2580,377,Himself,"(4227, 4234)"
2581,377,Himself,"(4372, 4379)"
2582,377,Himself,"(5002, 5009)"
2583,377,Himself,"(5670, 5677)"
2584,377,Himself,"(6229, 6236)"
2585,381,Hal,"(731, 734)"
2586,381,Hal,"(787, 790)"
2587,381,Hal,"(851, 854)"
2588,381,Hal,"(1400, 1403)"
2589,381,Hal,"(1566, 1569)"
2590,381,Hal,"(2126, 2129)"
2591,381,Hal,"(2636, 2639)"
2592,381,Hal,"(2659, 2662)"
2593,381,Hal,"(3677, 3680)"
2594,381,Hal,"(4027, 4030)"
2595,383,Mario,"(66, 71)"
2596,383,Mario,"(330, 335)"
2597,383,Mario,"(534, 539)"
2598,383,Mario,"(858, 863)"
2599,383,Orin,"(2728, 2732)"
2600,383,Orin,"(2805, 2809)"
2601,383,Orin,"(3014, 3018)"
2602,383,Orin,"(3320, 3324)"
2603,383,Orin,"(3691, 3695)"
2604,383,Orin,"(4013, 4017)"
2605,383,Luria P.,"(4229, 4237)"
2606,386,Orin,"(7167, 7171)"
2607,387,Mario,"(841, 846)"
2608,387,Mario,"(8738, 8743)"
2609,387,Hal,"(548, 551)"
2610,387,Hal,"(775, 778)"
2611,387,Hal,"(2659, 2662)"
2612,387,Avril,"(382, 387)"
2613,387,Incandenza,"(9033, 9043)"
2614,387,Incandenza,"(9290, 9300)"
2615,387,Incandenza,"(9685, 9695)"
2616,388,Avril,"(6064, 6069)"
2617,388,Incandenza,"(277, 287)"
2618,388,Incandenza,"(1000, 1010)"
2619,388,Incandenza,"(1985, 1995)"
2620,388,Incandenza,"(4391, 4401)"
2621,388,Incandenza,"(5090, 5100)"
2622,388,Incandenza,"(6074, 6084)"
2623,389,Incandenza,"(1534, 1544)"
2624,389,Incandenza,"(4082, 4092)"
2625,389,Incandenza,"(4728, 4738)"
2626,390,Madame Psychosis,"(4215, 4231)"
2627,390,Madame Psychosis,"(5456, 5472)"
2628,390,Madame Psychosis,"(5986, 6002)"
2629,390,Madame Psychosis,"(7148, 7164)"
2630,390,Madame,"(4215, 4221)"
2631,390,Madame,"(5456, 5462)"
2632,390,Madame,"(5986, 5992)"
2633,390,Madame,"(7148, 7154)"
2634,391,Madame Psychosis,"(2909, 2925)"
2635,391,Madame,"(2909, 2915)"
2636,391,Incandenza,"(1793, 1803)"
2637,391,Incandenza,"(2301, 2311)"
2638,391,Incandenza,"(2525, 2535)"
2639,391,Incandenza,"(2986, 2996)"
2640,391,Incandenza,"(3010, 3020)"
2641,391,Incandenza,"(3183, 3193)"
2642,391,Incandenza,"(3243, 3253)"
2643,391,Incandenza,"(3471, 3481)"
2644,391,Incandenza,"(6413, 6423)"
2645,391,Incandenza,"(7031, 7041)"
2646,392,Mario,"(7484, 7489)"
2647,392,Hal,"(2973, 2976)"
2648,392,Hal,"(7440, 7443)"
2649,392,Hal,"(7757, 7760)"
2650,392,Hal,"(7792, 7795)"
2651,392,Hal,"(9063, 9066)"
2652,392,Hal,"(9112, 9115)"
2653,392,Avril,"(2007, 2012)"
2654,392,Incandenza,"(2013, 2023)"
2655,392,Incandenza,"(5024, 5034)"
2656,392,Incandenza,"(6726, 6736)"
2657,392,Incandenza,"(7444, 7454)"
2658,392,Incandenza,"(7505, 7515)"
2659,393,Mario,"(5096, 5101)"
2660,393,Mario,"(10209, 10214)"
2661,393,Hal,"(1188, 1191)"
2662,393,Hal,"(4089, 4092)"
2663,393,Hal,"(4287, 4290)"
2664,393,Hal,"(4454, 4457)"
2665,393,Hal,"(4569, 4572)"
2666,393,Hal,"(4613, 4616)"
2667,393,Hal,"(5134, 5137)"
2668,393,Hal,"(5407, 5410)"
2669,393,Hal,"(5662, 5665)"
2670,393,Hal,"(5722, 5725)"
2671,393,Hal,"(6495, 6498)"
2672,393,Hal,"(9890, 9893)"
2673,393,Hal,"(9918, 9921)"
2674,393,Hal,"(10327, 10330)"
2675,393,Orin,"(8091, 8095)"
2676,393,Orin,"(8719, 8723)"
2677,393,Orin,"(9855, 9859)"
2678,393,Avril,"(8183, 8188)"
2679,393,Avril,"(8416, 8421)"
2680,393,Avril,"(8452, 8457)"
2681,393,Avril,"(8583, 8588)"
2682,393,Avril,"(8690, 8695)"
2683,393,Avril,"(9454, 9459)"
2684,393,Incandenza,"(4617, 4627)"
2685,393,Incandenza,"(8096, 8106)"
2686,393,Incandenza,"(8189, 8199)"
2687,395,Mario,"(9209, 9214)"
2688,395,Hal,"(9010, 9013)"
2689,395,Orin,"(5218, 5222)"
2690,395,Orin,"(5701, 5705)"
2691,395,Orin,"(5751, 5755)"
2692,395,Orin,"(6351, 6355)"
2693,395,Avril,"(5646, 5651)"
2694,395,Avril,"(5863, 5868)"
2695,395,Incandenza,"(5223, 5233)"
2696,395,Incandenza,"(9014, 9024)"
2697,396,Mario,"(1499, 1504)"
2698,396,Mario,"(1566, 1571)"
2699,396,Mario,"(2037, 2042)"
2700,396,Mario,"(3748, 3753)"
2701,396,Mario,"(3850, 3855)"
2702,396,Mario,"(3910, 3915)"
2703,396,Mario,"(4345, 4350)"
2704,396,Mario,"(4415, 4420)"
2705,396,Mario,"(6288, 6293)"
2706,396,Hal,"(483, 486)"
2707,396,Hal,"(641, 644)"
2708,396,Hal,"(961, 964)"
2709,396,Hal,"(1263, 1266)"
2710,396,Hal,"(2029, 2032)"
2711,396,Hal,"(2344, 2347)"
2712,396,Hal,"(2442, 2445)"
2713,396,Hal,"(3440, 3443)"
2714,396,Hal,"(3482, 3485)"
2715,396,Hal,"(3876, 3879)"
2716,396,Hal,"(4026, 4029)"
2717,396,Hal,"(4385, 4388)"
2718,396,Hal,"(4407, 4410)"
2719,396,Orin,"(2180, 2184)"
2720,396,Orin,"(2364, 2368)"
2721,396,Orin,"(2379, 2383)"
2722,396,Orin,"(2794, 2798)"
2723,396,Orin,"(3359, 3363)"
2724,396,Incandenza,"(1526, 1536)"
2725,396,Incandenza,"(9086, 9096)"
2726,397,Hal,"(609, 612)"
2727,397,Hal,"(2964, 2967)"
2728,397,Hallie,"(609, 615)"
2729,397,Hallie,"(2964, 2970)"
2730,397,Orin,"(504, 508)"
2731,398,Hal,"(338, 341)"
2732,398,Hal,"(1339, 1342)"
2733,398,Hal,"(2462, 2465)"
2734,398,Hallie,"(338, 344)"
2735,398,Hallie,"(1339, 1345)"
2736,398,Hallie,"(2462, 2468)"
2737,398,Himself,"(3720, 3727)"
2738,398,Himself,"(6804, 6811)"
2739,398,Himself,"(7045, 7052)"
2740,399,Booboo,"(7128, 7134)"
2741,399,Hal,"(6656, 6659)"
2742,399,Hal,"(7354, 7357)"
2743,399,Hallie,"(6656, 6662)"
2744,399,Hallie,"(7354, 7360)"
2745,399,Himself,"(3610, 3617)"
2746,400,Hal,"(231, 234)"
2747,400,Hal,"(5442, 5445)"
2748,400,Hal,"(6041, 6044)"
2749,400,Hallie,"(5442, 5448)"
2750,400,Orin,"(3427, 3431)"
2751,400,Himself,"(2402, 2409)"
2752,400,Himself,"(3666, 3673)"
2753,400,Incandenza,"(3447, 3457)"
2754,401,Hal,"(3083, 3086)"
2755,401,Hal,"(3116, 3119)"
2756,401,Hal,"(3405, 3408)"
2757,401,Hal,"(4051, 4054)"
2758,401,Hal,"(6831, 6834)"
2759,401,Hal,"(6970, 6973)"
2760,401,Hal,"(7070, 7073)"
2761,401,Hal,"(7442, 7445)"
2762,401,Hal,"(7659, 7662)"
2763,401,Hal,"(7794, 7797)"
2764,401,Hallie,"(3083, 3089)"
2765,401,Hallie,"(7794, 7800)"
2766,401,Orin,"(955, 959)"
2767,401,Orin,"(6905, 6909)"
2768,401,Orin,"(7139, 7143)"
2769,401,Orin,"(8463, 8467)"
2770,402,Hal,"(324, 327)"
2771,402,Hal,"(563, 566)"
2772,402,Hal,"(637, 640)"
2773,402,Hal,"(1078, 1081)"
2774,402,Hal,"(1493, 1496)"
2775,402,Hal,"(1650, 1653)"
2776,402,Hal,"(2406, 2409)"
2777,402,Hal,"(2641, 2644)"
2778,402,Hal,"(4864, 4867)"
2779,402,Hal,"(5121, 5124)"
2780,402,Hal,"(6580, 6583)"
2781,402,Hal,"(6609, 6612)"
2782,402,Orin,"(4913, 4917)"
2783,402,Orin,"(5252, 5256)"
2784,402,Orin,"(6166, 6170)"
2785,402,Orin,"(6662, 6666)"
2786,402,Orin,"(7714, 7718)"
2787,403,Mario,"(8786, 8791)"
2788,403,Mario,"(9069, 9074)"
2789,403,Hal,"(1190, 1193)"
2790,403,Hal,"(1385, 1388)"
2791,403,Hal,"(1483, 1486)"
2792,403,Hal,"(2584, 2587)"
2793,403,Hal,"(2754, 2757)"
2794,403,Hal,"(3516, 3519)"
2795,403,Hal,"(3601, 3604)"
2796,403,Hal,"(4045, 4048)"
2797,403,Hal,"(4901, 4904)"
2798,403,Hal,"(5153, 5156)"
2799,403,Hal,"(5292, 5295)"
2800,403,Hal,"(7558, 7561)"
2801,403,Hallie,"(5292, 5298)"
2802,403,Orin,"(400, 404)"
2803,403,Orin,"(1573, 1577)"
2804,403,Orin,"(3179, 3183)"
2805,403,Orin,"(4178, 4182)"
2806,403,Orin,"(5247, 5251)"
2807,403,Himself,"(8678, 8685)"
2808,403,Avril,"(5751, 5756)"
2809,403,Avril,"(7708, 7713)"
2810,403,Incandenza,"(7657, 7667)"
2811,404,Mario,"(770, 775)"
2812,404,Mario,"(977, 982)"
2813,404,Mario,"(1209, 1214)"
2814,404,Mario,"(1551, 1556)"
2815,404,Hal,"(3103, 3106)"
2816,404,Hal,"(3320, 3323)"
2817,404,Hal,"(5520, 5523)"
2818,404,Hal,"(5533, 5536)"
2819,404,Incandenza,"(5537, 5547)"
2820,405,Hal,"(957, 960)"
2821,405,Incandenza,"(7287, 7297)"
2822,406,Mario,"(3454, 3459)"
2823,406,Mario,"(9142, 9147)"
2824,406,Booboo,"(9227, 9233)"
2825,406,Hal,"(3282, 3285)"
2826,406,Hal,"(3414, 3417)"
2827,406,Hal,"(8804, 8807)"
2828,406,Hal,"(8899, 8902)"
2829,406,Hal,"(9063, 9066)"
2830,406,Orin,"(8173, 8177)"
2831,406,Himself,"(1399, 1406)"
2832,406,Himself,"(1568, 1575)"
2833,406,Himself,"(3214, 3221)"
2834,406,Himself,"(3310, 3317)"
2835,406,Himself,"(3368, 3375)"
2836,406,Himself,"(3430, 3437)"
2837,406,Himself,"(5633, 5640)"
2838,406,Himself,"(6051, 6058)"
2839,406,Avril,"(7585, 7590)"
2840,406,Avril,"(7745, 7750)"
2841,406,Avril,"(7989, 7994)"
2842,406,Avril,"(8115, 8120)"
2843,406,Avril,"(8594, 8599)"
2844,406,Incandenza,"(1267, 1277)"
2845,406,Incandenza,"(7007, 7017)"
2846,407,Mario,"(2824, 2829)"
2847,407,Mario,"(4172, 4177)"
2848,407,Mario,"(5353, 5358)"
2849,407,Mario,"(9419, 9424)"
2850,407,Hal,"(5145, 5148)"
2851,407,Hal,"(7018, 7021)"
2852,407,Hal,"(7545, 7548)"
2853,407,Hal,"(7646, 7649)"
2854,407,Himself,"(5217, 5224)"
2855,407,Himself,"(8602, 8609)"
2856,407,Himself,"(8797, 8804)"
2857,407,Avril,"(609, 614)"
2858,407,Avril,"(4216, 4221)"
2859,407,Avril,"(5247, 5252)"
2860,407,Avril,"(5319, 5324)"
2861,407,Mondragon,"(5705, 5714)"
2862,407,Luria P.,"(3969, 3977)"
2863,407,Incandenza,"(3991, 4001)"
2864,407,Incandenza,"(5472, 5482)"
2865,407,Incandenza,"(5575, 5585)"
2866,407,Incandenza,"(8306, 8316)"
2867,408,Mario,"(548, 553)"
2868,408,Mario,"(1585, 1590)"
2869,408,Mario,"(2494, 2499)"
2870,408,Mario,"(3088, 3093)"
2871,408,Hal,"(3727, 3730)"
2872,408,Himself,"(575, 582)"
2873,408,Himself,"(1670, 1677)"
2874,408,Avril,"(2423, 2428)"
2875,408,Incandenza,"(733, 743)"
2876,409,Mario,"(3350, 3355)"
2877,409,Mario,"(3978, 3983)"
2878,409,Mario,"(4738, 4743)"
2879,409,Hal,"(2350, 2353)"
2880,409,Hal,"(3800, 3803)"
2881,409,Hal,"(4629, 4632)"
2882,409,Hal,"(4730, 4733)"
2883,409,Hal,"(4974, 4977)"
2884,409,Hal,"(5393, 5396)"
2885,409,Hal,"(6598, 6601)"
2886,409,Hal,"(7867, 7870)"
2887,409,Hal,"(9566, 9569)"
2888,409,Hal,"(9628, 9631)"
2889,409,Orin,"(3987, 3991)"
2890,409,Avril,"(4790, 4795)"
2891,409,Incandenza,"(8179, 8189)"
2892,409,Incandenza,"(8495, 8505)"
2893,409,Incandenza,"(8645, 8655)"
2894,410,Hal,"(1370, 1373)"
2895,410,Himself,"(7881, 7888)"
2896,410,Incandenza,"(7551, 7561)"
2897,411,Mario,"(5321, 5326)"
2898,411,Mario,"(5331, 5336)"
2899,411,Mario,"(5415, 5420)"
2900,411,Mario,"(5431, 5436)"
2901,411,Mario,"(5616, 5621)"
2902,411,Booboo,"(5903, 5909)"
2903,411,Hal,"(307, 310)"
2904,411,Hal,"(393, 396)"
2905,411,Hal,"(4794, 4797)"
2906,411,Hal,"(4864, 4867)"
2907,411,Hal,"(5850, 5853)"
2908,411,Hallie,"(307, 313)"
2909,411,Hallie,"(393, 399)"
2910,411,Hallie,"(4864, 4870)"
2911,411,Hallie,"(5850, 5856)"
2912,412,Mario,"(9812, 9817)"
2913,412,Mario,"(9885, 9890)"
2914,412,Booboo,"(10211, 10217)"
2915,412,Hal,"(363, 366)"
2916,412,Hal,"(2184, 2187)"
2917,412,Hal,"(2462, 2465)"
2918,412,Hal,"(2943, 2946)"
2919,412,Hal,"(3977, 3980)"
2920,412,Hal,"(4457, 4460)"
2921,412,Hal,"(4839, 4842)"
2922,412,Hal,"(5356, 5359)"
2923,412,Hal,"(5694, 5697)"
2924,412,Hal,"(6274, 6277)"
2925,412,Hal,"(6821, 6824)"
2926,412,Hal,"(9305, 9308)"
2927,412,Hal,"(9997, 10000)"
2928,412,Hallie,"(363, 369)"
2929,412,Hallie,"(2184, 2190)"
2930,412,Hallie,"(4457, 4463)"
2931,412,Hallie,"(4839, 4845)"
2932,412,Hallie,"(6274, 6280)"
2933,412,Hallie,"(9305, 9311)"
2934,413,Mario,"(2772, 2777)"
2935,413,Mario,"(3038, 3043)"
2936,413,Mario,"(3256, 3261)"
2937,413,Mario,"(3437, 3442)"
2938,413,Hal,"(3177, 3180)"
2939,413,Avril,"(2884, 2889)"
2940,413,Avril,"(2957, 2962)"
2941,413,Avril,"(3382, 3387)"
2942,413,Incandenza,"(7179, 7189)"
2943,414,Mario,"(10059, 10064)"
2944,414,Hal,"(1595, 1598)"
2945,414,Hal,"(10069, 10072)"
2946,414,Orin,"(2193, 2197)"
2947,414,Orin,"(2958, 2962)"
2948,414,Orin,"(3414, 3418)"
2949,414,Orin,"(4096, 4100)"
2950,414,Orin,"(4969, 4973)"
2951,414,Orin,"(5679, 5683)"
2952,414,Orin,"(6077, 6081)"
2953,414,Orin,"(6880, 6884)"
2954,414,Orin,"(6963, 6967)"
2955,414,Orin,"(7187, 7191)"
2956,414,Orin,"(7231, 7235)"
2957,414,Orin,"(7373, 7377)"
2958,414,Orin,"(8348, 8352)"
2959,414,Orin,"(8421, 8425)"
2960,414,Orin,"(8656, 8660)"
2961,414,Orin,"(9324, 9328)"
2962,414,Orin,"(9446, 9450)"
2963,414,Orin,"(9486, 9490)"
2964,414,Orin,"(10028, 10032)"
2965,414,Orin,"(10211, 10215)"
2966,414,Luria P.,"(1829, 1837)"
2967,414,Incandenza,"(1599, 1609)"
2968,414,Incandenza,"(2198, 2208)"
2969,414,Incandenza,"(2854, 2864)"
2970,414,Incandenza,"(5421, 5431)"
2971,414,Incandenza,"(5562, 5572)"
2972,414,Incandenza,"(5795, 5805)"
2973,414,Incandenza,"(6450, 6460)"
2974,414,Incandenza,"(8353, 8363)"
2975,414,Incandenza,"(8661, 8671)"
2976,414,J.O.I.,"(2892, 2898)"
2977,415,Mario,"(1637, 1642)"
2978,415,Mario,"(1701, 1706)"
2979,415,Mario,"(3601, 3606)"
2980,415,Hal,"(1629, 1632)"
2981,415,Hal,"(1693, 1696)"
2982,415,Hal,"(3462, 3465)"
2983,415,Orin,"(1795, 1799)"
2984,415,Orin,"(1865, 1869)"
2985,415,Orin,"(1993, 1997)"
2986,415,Orin,"(2113, 2117)"
2987,415,Orin,"(2661, 2665)"
2988,415,Orin,"(3134, 3138)"
2989,415,Orin,"(3259, 3263)"
2990,415,Orin,"(3948, 3952)"
2991,415,Orin,"(4752, 4756)"
2992,415,Orin,"(5139, 5143)"
2993,415,Orin,"(6255, 6259)"
2994,415,Orin,"(6354, 6358)"
2995,415,Orin,"(6843, 6847)"
2996,415,Orin,"(7201, 7205)"
2997,415,Orin,"(11122, 11126)"
2998,415,Orin,"(11161, 11165)"
2999,415,Incandenza,"(1957, 1967)"
3000,415,Incandenza,"(2390, 2400)"
3001,415,Incandenza,"(2880, 2890)"
3002,415,Incandenza,"(3169, 3179)"
3003,415,Incandenza,"(3856, 3866)"
3004,415,Incandenza,"(4968, 4978)"
3005,415,Incandenza,"(5014, 5024)"
3006,415,Incandenza,"(6329, 6339)"
3007,415,Incandenza,"(11373, 11383)"
3008,416,Hal,"(8558, 8561)"
3009,416,Hal,"(9007, 9010)"
3010,416,Orin,"(1544, 1548)"
3011,416,Orin,"(1957, 1961)"
3012,416,Orin,"(2546, 2550)"
3013,416,Orin,"(2933, 2937)"
3014,416,Orin,"(4234, 4238)"
3015,416,Orin,"(4275, 4279)"
3016,416,Orin,"(4433, 4437)"
3017,416,Orin,"(5609, 5613)"
3018,416,Orin,"(5830, 5834)"
3019,416,Orin,"(5844, 5848)"
3020,416,Orin,"(6181, 6185)"
3021,416,Avril,"(1230, 1235)"
3022,416,Avril,"(1742, 1747)"
3023,416,Avril,"(4255, 4260)"
3024,416,Avril,"(4461, 4466)"
3025,416,Incandenza,"(1242, 1252)"
3026,417,Hal,"(1116, 1119)"
3027,417,Hal,"(5319, 5322)"
3028,417,Himself,"(1175, 1182)"
3029,417,Himself,"(1229, 1236)"
3030,420,Hal,"(1694, 1697)"
3031,420,Hal,"(2307, 2310)"
3032,420,Hal,"(5344, 5347)"
3033,420,Orin,"(8355, 8359)"
3034,420,Orin,"(8542, 8546)"
3035,420,Incandenza,"(1698, 1708)"
3036,420,Incandenza,"(8360, 8370)"
3037,420,Incandenza,"(9041, 9051)"
3038,421,Madame Psychosis,"(7505, 7521)"
3039,421,Madame,"(7505, 7511)"
3040,421,Mario,"(326, 331)"
3041,421,Mario,"(369, 374)"
3042,421,Mario,"(586, 591)"
3043,421,Mario,"(759, 764)"
3044,421,Hal,"(7925, 7928)"
3045,421,Hal,"(8556, 8559)"
3046,421,Hallie,"(8556, 8562)"
3047,421,Orin,"(4883, 4887)"
3048,421,Himself,"(336, 343)"
3049,421,Himself,"(389, 396)"
3050,421,Himself,"(668, 675)"
3051,421,Himself,"(804, 811)"
3052,421,Incandenza,"(1084, 1094)"
3053,422,Madame,"(4375, 4381)"
3054,422,Hal,"(4140, 4143)"
3055,422,Hal,"(4774, 4777)"
3056,422,Hal,"(8972, 8975)"
3057,422,Hal,"(9004, 9007)"
3058,422,Hallie,"(4774, 4780)"
3059,422,Incandenza,"(6824, 6834)"
3060,422,Incandenza,"(8976, 8986)"
3061,423,Hal,"(7354, 7357)"
3062,423,Avril,"(5443, 5448)"
3063,423,Avril,"(5512, 5517)"
3064,423,Incandenza,"(5398, 5408)"
3065,424,Avril,"(1116, 1121)"
3066,424,Incandenza,"(1122, 1132)"
3067,425,Himself,"(4189, 4196)"
3068,425,Incandenza,"(4401, 4411)"
3069,426,Hal,"(3382, 3385)"
3070,426,Hal,"(4021, 4024)"
3071,426,Hal,"(8865, 8868)"
3072,426,Hal,"(9020, 9023)"
3073,426,Orin,"(3991, 3995)"
3074,427,Hal,"(1154, 1157)"
3075,427,Hal,"(7834, 7837)"
3076,427,Avril,"(7860, 7865)"
3077,427,Incandenza,"(4202, 4212)"
3078,427,J.O.I.,"(7902, 7908)"
3079,428,Hal,"(456, 459)"
3080,428,Incandenza,"(310, 320)"
